season,driver_name,races,wins,podiums,dnfs,total_points,win_rate,podium_rate,dnf_rate,consistency_score
2018,Brendon Hartley,21,0,0,7,4.0,0.0,0.0,0.3333333333333333,-0.333
2018,Carlos Sainz,21,0,0,2,53.0,0.0,0.0,0.09523809523809523,-0.095
2018,Charles Leclerc,21,0,0,6,39.0,0.0,0.0,0.2857142857142857,-0.286
2018,Daniel Ricciardo,21,2,2,8,170.0,0.09523809523809523,0.09523809523809523,0.38095238095238093,-0.286
2018,Esteban Ocon,21,0,0,6,49.0,0.0,0.0,0.2857142857142857,-0.286
2018,Fernando Alonso,21,0,0,8,50.0,0.0,0.0,0.38095238095238093,-0.381
2018,Kevin Magnussen,21,0,0,3,56.0,0.0,0.0,0.14285714285714285,-0.143
2018,Kimi Räikkönen,21,1,12,4,251.0,0.047619047619047616,0.5714285714285714,0.19047619047619047,0.381
2018,Lance Stroll,21,0,0,3,6.0,0.0,0.0,0.14285714285714285,-0.143
2018,Lewis Hamilton,21,11,17,1,408.0,0.5238095238095238,0.8095238095238095,0.047619047619047616,0.762
2018,Marcus Ericsson,21,0,0,4,9.0,0.0,0.0,0.19047619047619047,-0.19
2018,Max Verstappen,21,2,11,4,249.0,0.09523809523809523,0.5238095238095238,0.19047619047619047,0.333
2018,Nico Hülkenberg,21,0,0,7,69.0,0.0,0.0,0.3333333333333333,-0.333
2018,Pierre Gasly,21,0,0,5,29.0,0.0,0.0,0.23809523809523808,-0.238
2018,Romain Grosjean,21,0,0,6,37.0,0.0,0.0,0.2857142857142857,-0.286
2018,Sebastian Vettel,21,5,12,1,320.0,0.23809523809523808,0.5714285714285714,0.047619047619047616,0.524
2018,Sergey Sirotkin,21,0,0,3,1.0,0.0,0.0,0.14285714285714285,-0.143
2018,Sergio Pérez,21,0,1,2,62.0,0.0,0.047619047619047616,0.09523809523809523,-0.048
2018,Stoffel Vandoorne,21,0,0,3,12.0,0.0,0.0,0.14285714285714285,-0.143
2018,Valtteri Bottas,21,0,8,2,247.0,0.0,0.38095238095238093,0.09523809523809523,0.286
2019,Alexander Albon,21,0,0,1,92.0,0.0,0.0,0.047619047619047616,-0.048
2019,Antonio Giovinazzi,21,0,0,2,14.0,0.0,0.0,0.09523809523809523,-0.095
2019,Carlos Sainz,21,0,1,4,96.0,0.0,0.047619047619047616,0.19047619047619047,-0.143
2019,Charles Leclerc,21,2,10,3,264.0,0.09523809523809523,0.47619047619047616,0.14285714285714285,0.333
2019,Daniel Ricciardo,21,0,0,6,54.0,0.0,0.0,0.2857142857142857,-0.286
2019,Daniil Kvyat,21,0,1,3,37.0,0.0,0.047619047619047616,0.14285714285714285,-0.095
2019,George Russell,21,0,0,2,0.0,0.0,0.0,0.09523809523809523,-0.095
2019,Kevin Magnussen,21,0,0,3,20.0,0.0,0.0,0.14285714285714285,-0.143
2019,Kimi Räikkönen,21,0,0,2,43.0,0.0,0.0,0.09523809523809523,-0.095
2019,Lance Stroll,21,0,0,3,21.0,0.0,0.0,0.14285714285714285,-0.143
2019,Lando Norris,21,0,0,6,49.0,0.0,0.0,0.2857142857142857,-0.286
2019,Lewis Hamilton,21,11,17,0,413.0,0.5238095238095238,0.8095238095238095,0.0,0.81
2019,Max Verstappen,21,3,9,2,278.0,0.14285714285714285,0.42857142857142855,0.09523809523809523,0.333
2019,Nico Hülkenberg,21,0,0,4,37.0,0.0,0.0,0.19047619047619047,-0.19
2019,Pierre Gasly,21,0,1,3,95.0,0.0,0.047619047619047616,0.14285714285714285,-0.095
2019,Robert Kubica,21,0,0,2,1.0,0.0,0.0,0.09523809523809523,-0.095
2019,Romain Grosjean,21,0,0,7,8.0,0.0,0.0,0.3333333333333333,-0.333
2019,Sebastian Vettel,21,1,9,3,240.0,0.047619047619047616,0.42857142857142855,0.14285714285714285,0.286
2019,Sergio Pérez,21,0,0,2,52.0,0.0,0.0,0.09523809523809523,-0.095
2019,Valtteri Bottas,21,4,15,2,326.0,0.19047619047619047,0.7142857142857143,0.09523809523809523,0.619
2020,Alexander Albon,17,0,2,2,105.0,0.0,0.11764705882352941,0.11764705882352941,0.0
2020,Antonio Giovinazzi,17,0,0,3,4.0,0.0,0.0,0.17647058823529413,-0.176
2020,Carlos Sainz,17,0,1,3,105.0,0.0,0.058823529411764705,0.17647058823529413,-0.118
2020,Charles Leclerc,17,0,2,4,98.0,0.0,0.11764705882352941,0.23529411764705882,-0.118
2020,Daniel Ricciardo,17,0,2,1,119.0,0.0,0.11764705882352941,0.058823529411764705,0.059
2020,Daniil Kvyat,17,0,0,2,32.0,0.0,0.0,0.11764705882352941,-0.118
2020,Esteban Ocon,17,0,1,4,62.0,0.0,0.058823529411764705,0.23529411764705882,-0.176
2020,George Russell,17,0,0,4,3.0,0.0,0.0,0.23529411764705882,-0.235
2020,Jack Aitken,1,0,0,0,0.0,0.0,0.0,0.0,0.0
2020,Kevin Magnussen,17,0,0,7,1.0,0.0,0.0,0.4117647058823529,-0.412
2020,Kimi Räikkönen,17,0,0,1,4.0,0.0,0.0,0.058823529411764705,-0.059
2020,Lance Stroll,16,0,2,5,75.0,0.0,0.125,0.3125,-0.188
2020,Lando Norris,17,0,1,1,97.0,0.0,0.058823529411764705,0.058823529411764705,0.0
2020,Lewis Hamilton,16,11,14,0,347.0,0.6875,0.875,0.0,0.875
2020,Max Verstappen,17,2,11,5,214.0,0.11764705882352941,0.6470588235294118,0.29411764705882354,0.353
2020,Nicholas Latifi,17,0,0,3,0.0,0.0,0.0,0.17647058823529413,-0.176
2020,Nico Hülkenberg,3,0,0,1,10.0,0.0,0.0,0.3333333333333333,-0.333
2020,Pierre Gasly,17,1,1,3,75.0,0.058823529411764705,0.058823529411764705,0.17647058823529413,-0.118
2020,Pietro Fittipaldi,2,0,0,0,0.0,0.0,0.0,0.0,0.0
2020,Romain Grosjean,15,0,0,3,2.0,0.0,0.0,0.2,-0.2
2020,Sebastian Vettel,17,0,1,2,33.0,0.0,0.058823529411764705,0.11764705882352941,-0.059
2020,Sergio Pérez,15,1,2,2,125.0,0.06666666666666667,0.13333333333333333,0.13333333333333333,0.0
2020,Valtteri Bottas,17,2,11,1,223.0,0.11764705882352941,0.6470588235294118,0.058823529411764705,0.588
2021,Antonio Giovinazzi,22,0,0,1,3.0,0.0,0.0,0.045454545454545456,-0.045
2021,Carlos Sainz,22,0,4,0,163.5,0.0,0.18181818181818182,0.0,0.182
2021,Charles Leclerc,22,0,1,2,159.0,0.0,0.045454545454545456,0.09090909090909091,-0.045
2021,Daniel Ricciardo,22,1,1,1,114.0,0.045454545454545456,0.045454545454545456,0.045454545454545456,0.0
2021,Esteban Ocon,22,1,1,3,74.0,0.045454545454545456,0.045454545454545456,0.13636363636363635,-0.091
2021,Fernando Alonso,22,0,1,2,81.0,0.0,0.045454545454545456,0.09090909090909091,-0.045
2021,George Russell,22,0,1,6,16.0,0.0,0.045454545454545456,0.2727272727272727,-0.227
2021,Kimi Räikkönen,20,0,0,2,10.0,0.0,0.0,0.1,-0.1
2021,Lance Stroll,22,0,0,3,34.0,0.0,0.0,0.13636363636363635,-0.136
2021,Lando Norris,22,0,4,1,160.0,0.0,0.18181818181818182,0.045454545454545456,0.136
2021,Lewis Hamilton,22,8,17,1,385.5,0.36363636363636365,0.7727272727272727,0.045454545454545456,0.727
2021,Max Verstappen,22,10,18,3,388.5,0.45454545454545453,0.8181818181818182,0.13636363636363635,0.682
2021,Mick Schumacher,22,0,0,3,0.0,0.0,0.0,0.13636363636363635,-0.136
2021,Nicholas Latifi,22,0,0,5,7.0,0.0,0.0,0.22727272727272727,-0.227
2021,Nikita Mazepin,22,0,0,6,0.0,0.0,0.0,0.2727272727272727,-0.273
2021,Pierre Gasly,22,0,1,4,110.0,0.0,0.045454545454545456,0.18181818181818182,-0.136
2021,Robert Kubica,2,0,0,0,0.0,0.0,0.0,0.0,0.0
2021,Sebastian Vettel,22,0,1,5,43.0,0.0,0.045454545454545456,0.22727272727272727,-0.182
2021,Sergio Pérez,22,1,5,3,190.0,0.045454545454545456,0.22727272727272727,0.13636363636363635,0.091
2021,Valtteri Bottas,22,1,11,4,219.0,0.045454545454545456,0.5,0.18181818181818182,0.318
2021,Yuki Tsunoda,22,0,0,4,32.0,0.0,0.0,0.18181818181818182,-0.182
2022,Alexander Albon,21,0,0,5,4.0,0.0,0.0,0.23809523809523808,-0.238
2022,Carlos Sainz,22,1,9,6,228.0,0.045454545454545456,0.4090909090909091,0.2727272727272727,0.136
2022,Charles Leclerc,22,3,11,3,291.0,0.13636363636363635,0.5,0.13636363636363635,0.364
2022,Daniel Ricciardo,22,0,0,3,34.0,0.0,0.0,0.13636363636363635,-0.136
2022,Esteban Ocon,22,0,0,2,89.0,0.0,0.0,0.09090909090909091,-0.091
2022,Fernando Alonso,22,0,0,6,81.0,0.0,0.0,0.2727272727272727,-0.273
2022,George Russell,22,1,8,1,262.0,0.045454545454545456,0.36363636363636365,0.045454545454545456,0.318
2022,Guanyu Zhou,22,0,0,5,6.0,0.0,0.0,0.22727272727272727,-0.227
2022,Kevin Magnussen,22,0,0,5,21.0,0.0,0.0,0.22727272727272727,-0.227
2022,Lance Stroll,22,0,0,3,18.0,0.0,0.0,0.13636363636363635,-0.136
2022,Lando Norris,22,0,1,2,116.0,0.0,0.045454545454545456,0.09090909090909091,-0.045
2022,Lewis Hamilton,22,0,9,2,233.0,0.0,0.4090909090909091,0.09090909090909091,0.318
2022,Max Verstappen,22,15,17,2,433.0,0.6818181818181818,0.7727272727272727,0.09090909090909091,0.682
2022,Mick Schumacher,22,0,0,3,12.0,0.0,0.0,0.13636363636363635,-0.136
2022,Nicholas Latifi,22,0,0,5,2.0,0.0,0.0,0.22727272727272727,-0.227
2022,Nico Hülkenberg,2,0,0,0,0.0,0.0,0.0,0.0,0.0
2022,Nyck de Vries,1,0,0,0,2.0,0.0,0.0,0.0,0.0
2022,Pierre Gasly,22,0,0,3,23.0,0.0,0.0,0.13636363636363635,-0.136
2022,Sebastian Vettel,20,0,0,3,37.0,0.0,0.0,0.15,-0.15
2022,Sergio Pérez,22,2,11,3,291.0,0.09090909090909091,0.5,0.13636363636363635,0.364
2022,Valtteri Bottas,22,0,0,6,47.0,0.0,0.0,0.2727272727272727,-0.273
2022,Yuki Tsunoda,22,0,0,6,12.0,0.0,0.0,0.2727272727272727,-0.273
2023,Alexander Albon,22,0,0,4,25.0,0.0,0.0,0.18181818181818182,-0.182
2023,Carlos Sainz,22,1,3,3,178.0,0.045454545454545456,0.13636363636363635,0.13636363636363635,0.0
2023,Charles Leclerc,22,0,6,5,185.0,0.0,0.2727272727272727,0.22727272727272727,0.045
2023,Daniel Ricciardo,7,0,0,0,6.0,0.0,0.0,0.0,0.0
2023,Esteban Ocon,22,0,1,7,56.0,0.0,0.045454545454545456,0.3181818181818182,-0.273
2023,Fernando Alonso,22,0,8,2,198.0,0.0,0.36363636363636365,0.09090909090909091,0.273
2023,George Russell,22,0,2,4,157.0,0.0,0.09090909090909091,0.18181818181818182,-0.091
2023,Guanyu Zhou,22,0,0,3,6.0,0.0,0.0,0.13636363636363635,-0.136
2023,Kevin Magnussen,22,0,0,5,3.0,0.0,0.0,0.22727272727272727,-0.227
2023,Lance Stroll,22,0,0,5,68.0,0.0,0.0,0.22727272727272727,-0.227
2023,Lando Norris,22,0,7,1,184.0,0.0,0.3181818181818182,0.045454545454545456,0.273
2023,Lewis Hamilton,22,0,6,2,217.0,0.0,0.2727272727272727,0.09090909090909091,0.182
2023,Liam Lawson,5,0,0,0,2.0,0.0,0.0,0.0,0.0
2023,Logan Sargeant,22,0,0,7,1.0,0.0,0.0,0.3181818181818182,-0.318
2023,Max Verstappen,22,19,21,0,530.0,0.8636363636363636,0.9545454545454546,0.0,0.955
2023,Nico Hülkenberg,22,0,0,2,6.0,0.0,0.0,0.09090909090909091,-0.091
2023,Nyck de Vries,10,0,0,2,0.0,0.0,0.0,0.2,-0.2
2023,Oscar Piastri,22,0,2,3,82.0,0.0,0.09090909090909091,0.13636363636363635,-0.045
2023,Pierre Gasly,22,0,1,3,54.0,0.0,0.045454545454545456,0.13636363636363635,-0.091
2023,Sergio Pérez,22,2,9,2,260.0,0.09090909090909091,0.4090909090909091,0.09090909090909091,0.318
2023,Valtteri Bottas,22,0,0,3,10.0,0.0,0.0,0.13636363636363635,-0.136
2023,Yuki Tsunoda,22,0,0,3,14.0,0.0,0.0,0.13636363636363635,-0.136
2024,Alexander Albon,24,0,0,7,12.0,0.0,0.0,0.2916666666666667,-0.292
2024,Carlos Sainz,23,2,9,3,262.0,0.08695652173913043,0.391304347826087,0.13043478260869565,0.261
2024,Charles Leclerc,24,3,13,1,327.0,0.125,0.5416666666666666,0.041666666666666664,0.5
2024,Daniel Ricciardo,18,0,0,2,7.0,0.0,0.0,0.1111111111111111,-0.111
2024,Esteban Ocon,23,0,1,2,23.0,0.0,0.043478260869565216,0.08695652173913043,-0.043
2024,Fernando Alonso,24,0,0,1,70.0,0.0,0.0,0.041666666666666664,-0.042
2024,Franco Colapinto,9,0,0,3,5.0,0.0,0.0,0.3333333333333333,-0.333
2024,George Russell,24,2,4,3,226.0,0.08333333333333333,0.16666666666666666,0.125,0.042
2024,Guanyu Zhou,24,0,0,2,4.0,0.0,0.0,0.08333333333333333,-0.083
2024,Jack Doohan,1,0,0,0,0.0,0.0,0.0,0.0,0.0
2024,Kevin Magnussen,22,0,0,2,14.0,0.0,0.0,0.09090909090909091,-0.091
2024,Lance Stroll,24,0,0,4,24.0,0.0,0.0,0.16666666666666666,-0.167
2024,Lando Norris,24,4,13,0,344.0,0.16666666666666666,0.5416666666666666,0.0,0.542
2024,Lewis Hamilton,24,2,5,2,207.0,0.08333333333333333,0.20833333333333334,0.08333333333333333,0.125
2024,Liam Lawson,6,0,0,1,4.0,0.0,0.0,0.16666666666666666,-0.167
2024,Logan Sargeant,14,0,0,2,0.0,0.0,0.0,0.14285714285714285,-0.143
2024,Max Verstappen,24,9,14,1,399.0,0.375,0.5833333333333334,0.041666666666666664,0.542
2024,Nico Hülkenberg,24,0,0,3,36.0,0.0,0.0,0.125,-0.125
2024,Oliver Bearman,3,0,0,0,7.0,0.0,0.0,0.0,0.0
2024,Oscar Piastri,24,2,8,0,265.0,0.08333333333333333,0.3333333333333333,0.0,0.333
2024,Pierre Gasly,24,0,1,4,40.0,0.0,0.041666666666666664,0.16666666666666666,-0.125
2024,Sergio Pérez,24,0,4,5,138.0,0.0,0.16666666666666666,0.20833333333333334,-0.042
2024,Valtteri Bottas,24,0,0,2,0.0,0.0,0.0,0.08333333333333333,-0.083
2024,Yuki Tsunoda,24,0,0,4,29.0,0.0,0.0,0.16666666666666666,-0.167
