season,round,driver_id,total_stops,avg_stop_duration,fastest_stop
2018,1,alonso,1,22.573,22.573
2018,1,bottas,1,21.664,21.664
2018,1,brendon_hartley,2,22.2545,22.213
2018,1,grosjean,1,23.054,23.054
2018,1,hamilton,1,21.821,21.821
2018,1,hulkenberg,1,22.628,22.628
2018,1,kevin_magnussen,1,21.983,21.983
2018,1,leclerc,2,22.539,22.242
2018,1,max_verstappen,1,20.953,20.953
2018,1,ocon,1,21.854,21.854
2018,1,perez,1,22.327,22.327
2018,1,raikkonen,1,21.421,21.421
2018,1,ricciardo,1,21.44,21.44
2018,1,sainz,1,23.868,23.868
2018,1,stroll,2,23.450499999999998,21.397
2018,1,vandoorne,1,22.474,22.474
2018,1,vettel,1,21.787,21.787
2018,2,alonso,2,24.787,24.581
2018,2,bottas,1,26.105,26.105
2018,2,brendon_hartley,2,30.799500000000002,24.953
2018,2,ericsson,1,25.194,25.194
2018,2,gasly,2,24.896,24.835
2018,2,grosjean,3,25.600333333333335,25.011
2018,2,hamilton,1,24.302,24.302
2018,2,hulkenberg,2,24.418,24.382
2018,2,kevin_magnussen,2,24.8675,24.629
2018,2,leclerc,2,25.351,25.139
2018,2,max_verstappen,1,30.381,30.381
2018,2,ocon,2,24.6575,24.596
2018,2,perez,2,24.8345,24.677
2018,2,raikkonen,1,25.018,25.018
2018,2,sainz,2,25.5375,25.307
2018,2,sirotkin,2,25.1825,24.672
2018,2,stroll,2,29.125,24.638
2018,2,vandoorne,2,25.106,25.081
2018,2,vettel,1,24.524,24.524
2018,3,alonso,1,24.11,24.11
2018,3,bottas,1,22.097,22.097
2018,3,brendon_hartley,2,23.621000000000002,23.172
2018,3,ericsson,1,22.785,22.785
2018,3,gasly,2,29.299999999999997,23.95
2018,3,grosjean,2,23.358,22.981
2018,3,hamilton,1,22.464,22.464
2018,3,hulkenberg,2,23.4755,23.297
2018,3,kevin_magnussen,1,22.973,22.973
2018,3,leclerc,1,23.392,23.392
2018,3,max_verstappen,2,22.6555,22.596
2018,3,ocon,2,22.959,22.637
2018,3,perez,2,22.595,22.334
2018,3,raikkonen,1,22.913,22.913
2018,3,ricciardo,2,22.866500000000002,22.691
2018,3,sainz,2,23.526,23.117
2018,3,sirotkin,2,23.2195,22.723
2018,3,stroll,1,22.661,22.661
2018,3,vandoorne,1,23.73,23.73
2018,3,vettel,1,23.009,23.009
2018,4,alonso,2,39.0405,21.371
2018,4,bottas,1,20.192,20.192
2018,4,brendon_hartley,3,21.08566666666667,20.809
2018,4,ericsson,4,29.278,14.998
2018,4,gasly,2,21.0345,20.782
2018,4,grosjean,2,22.241,21.725
2018,4,hamilton,2,20.853,20.377
2018,4,kevin_magnussen,2,28.692999999999998,21.778
2018,4,leclerc,2,21.544,21.058
2018,4,max_verstappen,1,19.765,19.765
2018,4,perez,2,27.1415,26.174
2018,4,raikkonen,2,25.5805,21.149
2018,4,ricciardo,1,19.925,19.925
2018,4,sainz,2,21.2415,20.967
2018,4,stroll,2,20.4865,19.737
2018,4,vandoorne,4,20.932000000000002,20.76
2018,4,vettel,2,20.43,20.037
2018,5,alonso,1,21.721,21.721
2018,5,bottas,1,23.213,23.213
2018,5,brendon_hartley,2,22.5515,22.472
2018,5,ericsson,1,22.1,22.1
2018,5,hamilton,1,22.085,22.085
2018,5,kevin_magnussen,1,22.917,22.917
2018,5,leclerc,1,21.995,21.995
2018,5,max_verstappen,1,21.74,21.74
2018,5,ocon,1,47.91,47.91
2018,5,perez,2,22.34,22.242
2018,5,ricciardo,1,21.618,21.618
2018,5,sainz,1,22.409,22.409
2018,5,sirotkin,3,22.64933333333333,22.034
2018,5,stroll,1,21.351,21.351
2018,5,vandoorne,1,27.416,27.416
2018,5,vettel,2,23.1635,22.054
2018,6,alonso,1,24.241,24.241
2018,6,bottas,1,24.02,24.02
2018,6,brendon_hartley,1,24.326,24.326
2018,6,ericsson,1,24.291,24.291
2018,6,gasly,1,24.296,24.296
2018,6,grosjean,2,24.6545,24.568
2018,6,hamilton,1,23.739,23.739
2018,6,hulkenberg,1,25.213,25.213
2018,6,kevin_magnussen,1,24.237,24.237
2018,6,leclerc,1,23.87,23.87
2018,6,max_verstappen,1,24.111,24.111
2018,6,ocon,1,24.663,24.663
2018,6,perez,1,29.379,29.379
2018,6,raikkonen,1,24.263,24.263
2018,6,ricciardo,1,24.542,24.542
2018,6,sainz,1,24.874,24.874
2018,6,sirotkin,3,27.514333333333337,25.17
2018,6,stroll,3,29.947666666666667,24.852
2018,6,vandoorne,2,26.127499999999998,25.438
2018,6,vettel,1,23.964,23.964
2018,7,alonso,1,23.099,23.099
2018,7,bottas,1,23.775,23.775
2018,7,ericsson,1,23.529,23.529
2018,7,gasly,1,24.107,24.107
2018,7,grosjean,1,24.4,24.4
2018,7,hamilton,1,23.335,23.335
2018,7,hulkenberg,1,24.521,24.521
2018,7,kevin_magnussen,1,24.008,24.008
2018,7,leclerc,1,23.666,23.666
2018,7,max_verstappen,1,23.137,23.137
2018,7,ocon,1,25.353,25.353
2018,7,perez,2,23.902,23.718
2018,7,raikkonen,1,23.645,23.645
2018,7,ricciardo,1,23.279,23.279
2018,7,sainz,1,24.416,24.416
2018,7,sirotkin,1,23.531,23.531
2018,7,vandoorne,2,32.2725,23.537
2018,7,vettel,1,23.529,23.529
2018,8,alonso,2,25.2885,24.788
2018,8,bottas,2,29.310499999999998,27.955
2018,8,brendon_hartley,1,24.297,24.297
2018,8,ericsson,1,24.295,24.295
2018,8,grosjean,1,29.996,29.996
2018,8,hamilton,1,24.31,24.31
2018,8,hulkenberg,1,25.016,25.016
2018,8,kevin_magnussen,1,25.419,25.419
2018,8,leclerc,1,25.026,25.026
2018,8,max_verstappen,1,24.395,24.395
2018,8,raikkonen,1,24.289,24.289
2018,8,ricciardo,1,24.309,24.309
2018,8,sainz,1,25.423,25.423
2018,8,sirotkin,1,26.273,26.273
2018,8,stroll,1,26.576,26.576
2018,8,vandoorne,1,24.399,24.399
2018,8,vettel,2,31.820500000000003,31.029
2018,9,alonso,1,21.588,21.588
2018,9,ericsson,1,21.519,21.519
2018,9,gasly,1,22.011,22.011
2018,9,grosjean,1,22.121,22.121
2018,9,hamilton,2,21.1125,20.98
2018,9,kevin_magnussen,1,22.138,22.138
2018,9,leclerc,1,21.364,21.364
2018,9,max_verstappen,1,21.214,21.214
2018,9,ocon,1,22.527,22.527
2018,9,perez,1,22.863,22.863
2018,9,raikkonen,1,21.552,21.552
2018,9,ricciardo,2,21.6045,21.259
2018,9,sainz,2,24.796,23.257
2018,9,sirotkin,2,23.966,23.048
2018,9,stroll,2,22.240000000000002,22.181
2018,9,vandoorne,2,34.5415,22.526
2018,9,vettel,1,23.912,23.912
2018,10,alonso,2,28.377000000000002,28.085
2018,10,bottas,1,27.894,27.894
2018,10,ericsson,1,28.207,28.207
2018,10,gasly,2,29.220999999999997,28.676
2018,10,grosjean,1,29.254,29.254
2018,10,hamilton,1,28.982,28.982
2018,10,hulkenberg,1,28.719,28.719
2018,10,kevin_magnussen,1,28.45,28.45
2018,10,leclerc,1,27.865,27.865
2018,10,max_verstappen,2,28.458,28.458
2018,10,ocon,1,29.41,29.41
2018,10,perez,2,28.743499999999997,28.651
2018,10,raikkonen,2,33.778999999999996,28.985
2018,10,ricciardo,2,28.0975,28.001
2018,10,sainz,2,28.576,28.078
2018,10,sirotkin,1,28.224,28.224
2018,10,stroll,1,27.774,27.774
2018,10,vandoorne,2,28.471,28.284
2018,10,vettel,2,28.4255,28.174
2018,11,alonso,3,20.334,18.956
2018,11,bottas,2,26.2335,19.188
2018,11,brendon_hartley,2,19.647,19.309
2018,11,ericsson,1,18.84,18.84
2018,11,gasly,2,19.659,19.512
2018,11,grosjean,3,20.896,19.752
2018,11,hamilton,1,18.978,18.978
2018,11,hulkenberg,3,20.382666666666665,19.584
2018,11,kevin_magnussen,3,27.432,19.818
2018,11,leclerc,3,20.37333333333333,19.267
2018,11,max_verstappen,3,19.375333333333334,19.087
2018,11,ocon,1,19.57,19.57
2018,11,perez,1,25.13,25.13
2018,11,raikkonen,2,19.8175,19.647
2018,11,sainz,3,20.108999999999998,19.637
2018,11,sirotkin,2,22.942,21.711
2018,11,stroll,2,19.500999999999998,19.476
2018,11,vandoorne,2,19.6995,19.621
2018,11,vettel,1,18.657,18.657
2018,12,alonso,1,21.795,21.795
2018,12,bottas,1,21.337,21.337
2018,12,brendon_hartley,1,21.831,21.831
2018,12,ericsson,1,22.64,22.64
2018,12,gasly,1,21.684,21.684
2018,12,grosjean,1,21.733,21.733
2018,12,hamilton,1,21.48,21.48
2018,12,hulkenberg,2,22.308,21.966
2018,12,kevin_magnussen,1,25.126,25.126
2018,12,ocon,1,22.258,22.258
2018,12,perez,1,22.561,22.561
2018,12,raikkonen,2,23.15,21.829
2018,12,ricciardo,1,21.364,21.364
2018,12,sainz,1,21.914,21.914
2018,12,sirotkin,1,21.509,21.509
2018,12,stroll,1,21.291,21.291
2018,12,vandoorne,1,21.732,21.732
2018,12,vettel,1,23.111,23.111
2018,13,bottas,3,24.42233333333333,20.349
2018,13,brendon_hartley,2,23.7,18.084
2018,13,ericsson,2,21.1345,19.711
2018,13,gasly,2,21.5445,20.136
2018,13,grosjean,2,21.764000000000003,20.28
2018,13,hamilton,2,20.8735,19.372
2018,13,kevin_magnussen,2,22.1625,20.021
2018,13,max_verstappen,2,21.1415,19.942
2018,13,ocon,2,21.4035,19.582
2018,13,perez,2,21.412,19.667
2018,13,raikkonen,2,30.909,26.367
2018,13,sainz,2,21.183,18.509
2018,13,sirotkin,2,21.064999999999998,19.791
2018,13,stroll,2,21.316499999999998,19.732
2018,13,vandoorne,3,21.980666666666668,19.847
2018,13,vettel,2,20.9175,19.582
2018,14,bottas,1,23.763,23.763
2018,14,ericsson,2,27.7835,25.575
2018,14,gasly,1,27.792,27.792
2018,14,grosjean,1,24.779,24.779
2018,14,hamilton,1,23.728,23.728
2018,14,hulkenberg,2,24.845,24.456
2018,14,kevin_magnussen,1,38.563,38.563
2018,14,leclerc,1,24.084,24.084
2018,14,max_verstappen,1,24.003,24.003
2018,14,ocon,1,24.827,24.827
2018,14,perez,1,25.655,25.655
2018,14,raikkonen,1,23.862,23.862
2018,14,ricciardo,1,24.805,24.805
2018,14,sainz,1,25.774,25.774
2018,14,sirotkin,1,25.245,25.245
2018,14,stroll,1,26.44,26.44
2018,14,vandoorne,1,24.094,24.094
2018,14,vettel,2,28.259999999999998,24.301
2018,15,alonso,1,29.922,29.922
2018,15,bottas,1,28.542,28.542
2018,15,brendon_hartley,2,29.688,29.464
2018,15,ericsson,1,28.86,28.86
2018,15,gasly,1,28.931,28.931
2018,15,grosjean,1,29.517,29.517
2018,15,hamilton,1,28.946,28.946
2018,15,hulkenberg,1,31.183,31.183
2018,15,kevin_magnussen,3,29.814333333333334,29.324
2018,15,leclerc,1,29.31,29.31
2018,15,max_verstappen,1,29.681,29.681
2018,15,perez,3,28.293000000000003,24.34
2018,15,raikkonen,1,29.513,29.513
2018,15,ricciardo,1,28.779,28.779
2018,15,sainz,1,30.242,30.242
2018,15,sirotkin,2,32.2495,30.477
2018,15,stroll,1,28.767,28.767
2018,15,vandoorne,1,30.234,30.234
2018,15,vettel,1,28.722,28.722
2018,16,alonso,1,30.348,30.348
2018,16,bottas,1,29.794,29.794
2018,16,brendon_hartley,1,29.418,29.418
2018,16,ericsson,2,30.0985,30.051
2018,16,grosjean,1,30.469,30.469
2018,16,hamilton,1,29.551,29.551
2018,16,hulkenberg,1,30.625,30.625
2018,16,kevin_magnussen,1,29.904,29.904
2018,16,leclerc,1,30.397,30.397
2018,16,max_verstappen,1,29.37,29.37
2018,16,ocon,1,30.642,30.642
2018,16,perez,1,29.924,29.924
2018,16,raikkonen,1,29.531,29.531
2018,16,ricciardo,1,37.446,37.446
2018,16,sainz,1,30.021,30.021
2018,16,sirotkin,1,29.912,29.912
2018,16,stroll,1,29.266,29.266
2018,16,vandoorne,1,29.636,29.636
2018,16,vettel,1,29.798,29.798
2018,17,alonso,1,27.454,27.454
2018,17,bottas,1,22.777,22.777
2018,17,brendon_hartley,1,23.11,23.11
2018,17,ericsson,1,23.244,23.244
2018,17,gasly,1,23.376,23.376
2018,17,grosjean,1,23.692,23.692
2018,17,hamilton,1,22.614,22.614
2018,17,hulkenberg,1,23.555,23.555
2018,17,kevin_magnussen,1,29.007,29.007
2018,17,leclerc,2,32.7815,26.672
2018,17,max_verstappen,1,28.789,28.789
2018,17,ocon,1,23.316,23.316
2018,17,perez,1,23.635,23.635
2018,17,raikkonen,1,22.781,22.781
2018,17,ricciardo,1,22.864,22.864
2018,17,sainz,1,23.477,23.477
2018,17,sirotkin,2,23.6535,23.647
2018,17,stroll,2,26.7305,23.657
2018,17,vandoorne,1,23.159,23.159
2018,17,vettel,1,22.748,22.748
2018,18,bottas,1,23.478,23.478
2018,18,brendon_hartley,1,23.819,23.819
2018,18,ericsson,1,23.94,23.94
2018,18,gasly,2,24.042,23.865
2018,18,grosjean,1,35.104,35.104
2018,18,hamilton,2,23.804000000000002,23.693
2018,18,hulkenberg,1,24.681,24.681
2018,18,kevin_magnussen,1,23.723,23.723
2018,18,leclerc,1,34.812,34.812
2018,18,max_verstappen,1,23.446,23.446
2018,18,ocon,1,24.534,24.534
2018,18,perez,1,25.723,25.723
2018,18,raikkonen,1,23.714,23.714
2018,18,sainz,1,29.319,29.319
2018,18,sirotkin,2,23.700499999999998,23.686
2018,18,stroll,3,27.98466666666667,18.61
2018,18,vandoorne,2,24.130000000000003,24.065
2018,18,vettel,1,24.449,24.449
2018,19,bottas,3,22.834666666666667,22.105
2018,19,brendon_hartley,2,22.804000000000002,22.055
2018,19,ericsson,1,31.406,31.406
2018,19,gasly,2,22.8125,22.57
2018,19,grosjean,2,23.0795,22.733
2018,19,hamilton,2,22.334,22.269
2018,19,hulkenberg,1,23.037,23.037
2018,19,kevin_magnussen,1,22.39,22.39
2018,19,leclerc,1,22.588,22.588
2018,19,max_verstappen,2,22.131500000000003,22.088
2018,19,ocon,2,25.281,22.756
2018,19,perez,1,23.755,23.755
2018,19,raikkonen,1,22.017,22.017
2018,19,ricciardo,1,22.022,22.022
2018,19,sainz,1,22.66,22.66
2018,19,sirotkin,1,22.732,22.732
2018,19,stroll,2,23.911,23.371
2018,19,vandoorne,1,22.174,22.174
2018,19,vettel,2,22.2175,21.777
2018,20,alonso,2,28.3995,23.046
2018,20,bottas,2,22.841,22.727
2018,20,brendon_hartley,1,23.422,23.422
2018,20,ericsson,1,23.377,23.377
2018,20,gasly,1,23.757,23.757
2018,20,grosjean,1,23.403,23.403
2018,20,hamilton,1,22.641,22.641
2018,20,kevin_magnussen,1,23.115,23.115
2018,20,leclerc,1,23.593,23.593
2018,20,max_verstappen,1,23.432,23.432
2018,20,ocon,2,29.212,27.226
2018,20,perez,1,23.505,23.505
2018,20,raikkonen,1,22.766,22.766
2018,20,ricciardo,1,23.3,23.3
2018,20,sainz,2,23.8545,23.77
2018,20,sirotkin,1,23.273,23.273
2018,20,stroll,2,24.445500000000003,24.283
2018,20,vandoorne,1,22.618,22.618
2018,20,vettel,2,22.616999999999997,22.551
2018,21,alonso,1,21.726,21.726
2018,21,bottas,2,21.4445,21.289
2018,21,brendon_hartley,1,41.012,41.012
2018,21,gasly,1,22.493,22.493
2018,21,grosjean,1,22.354,22.354
2018,21,hamilton,1,21.283,21.283
2018,21,kevin_magnussen,1,21.587,21.587
2018,21,leclerc,1,21.828,21.828
2018,21,max_verstappen,1,21.057,21.057
2018,21,ocon,1,21.979,21.979
2018,21,perez,1,22.112,22.112
2018,21,ricciardo,1,21.061,21.061
2018,21,sainz,1,21.964,21.964
2018,21,sirotkin,1,22.755,22.755
2018,21,stroll,1,22.189,22.189
2018,21,vandoorne,1,22.317,22.317
2018,21,vettel,1,22.63,22.63
2019,1,albon,1,21.78,21.78
2019,1,bottas,1,22.014,22.014
2019,1,gasly,1,21.269,21.269
2019,1,giovinazzi,1,27.172,27.172
2019,1,grosjean,1,29.981,29.981
2019,1,hamilton,1,21.515,21.515
2019,1,hulkenberg,1,21.588,21.588
2019,1,kevin_magnussen,1,22.388,22.388
2019,1,kubica,3,25.743,21.889
2019,1,kvyat,1,22.086,22.086
2019,1,leclerc,1,22.306,22.306
2019,1,max_verstappen,1,21.157,21.157
2019,1,norris,1,21.627,21.627
2019,1,perez,1,23.234,23.234
2019,1,raikkonen,1,23.299,23.299
2019,1,ricciardo,1,33.027,33.027
2019,1,russell,2,21.616,21.543
2019,1,stroll,1,22.471,22.471
2019,1,vettel,1,21.995,21.995
2019,2,albon,2,25.2505,24.842
2019,2,bottas,2,24.649,24.433
2019,2,gasly,2,26.0205,24.484
2019,2,giovinazzi,2,26.302500000000002,24.88
2019,2,grosjean,1,32.082,32.082
2019,2,hamilton,2,24.2895,24.255
2019,2,hulkenberg,2,25.375500000000002,25.253
2019,2,kevin_magnussen,2,25.465,24.948
2019,2,kubica,2,24.490000000000002,24.313
2019,2,kvyat,2,28.6345,26.508
2019,2,leclerc,2,24.438000000000002,24.358
2019,2,max_verstappen,2,25.464,24.199
2019,2,norris,2,24.445999999999998,24.175
2019,2,perez,2,26.967,26.798
2019,2,raikkonen,2,25.634,25.621
2019,2,ricciardo,1,25.676,25.676
2019,2,russell,2,24.7725,24.633
2019,2,sainz,3,31.854,24.985
2019,2,stroll,2,30.469,26.6
2019,2,vettel,3,27.54433333333333,24.212
2019,3,albon,1,23.215,23.215
2019,3,bottas,2,23.139499999999998,22.196
2019,3,gasly,3,22.477,22.301
2019,3,giovinazzi,2,25.1605,25.137
2019,3,grosjean,2,23.3905,23.261
2019,3,hamilton,2,23.1205,22.644
2019,3,hulkenberg,1,24.107,24.107
2019,3,kevin_magnussen,2,23.673499999999997,23.383
2019,3,kubica,1,32.627,32.627
2019,3,kvyat,3,28.837666666666667,17.257
2019,3,leclerc,2,23.573999999999998,22.921
2019,3,max_verstappen,2,22.793999999999997,22.365
2019,3,norris,3,35.63333333333333,22.524
2019,3,perez,1,23.733,23.733
2019,3,raikkonen,1,23.888,23.888
2019,3,ricciardo,1,23.506,23.506
2019,3,russell,2,24.1485,23.965
2019,3,sainz,2,34.205,22.532
2019,3,stroll,2,23.4905,23.466
2019,3,vettel,2,22.5325,22.316
2019,4,albon,1,20.72,20.72
2019,4,bottas,1,20.006,20.006
2019,4,giovinazzi,1,20.776,20.776
2019,4,grosjean,1,20.906,20.906
2019,4,hamilton,1,19.993,19.993
2019,4,hulkenberg,2,21.0975,20.87
2019,4,kevin_magnussen,2,20.488500000000002,20.118
2019,4,kubica,3,18.936333333333334,15.069
2019,4,kvyat,1,21.013,21.013
2019,4,leclerc,2,20.119500000000002,19.857
2019,4,max_verstappen,1,20.973,20.973
2019,4,norris,2,20.9495,19.819
2019,4,perez,1,20.939,20.939
2019,4,raikkonen,1,21.401,21.401
2019,4,ricciardo,1,20.884,20.884
2019,4,russell,2,20.613,20.475
2019,4,sainz,1,19.755,19.755
2019,4,stroll,1,23.099,23.099
2019,4,vettel,1,19.981,19.981
2019,5,albon,2,30.468,23.591
2019,5,bottas,2,22.026,22.018
2019,5,gasly,2,22.329,22.095
2019,5,giovinazzi,2,22.944000000000003,22.381
2019,5,grosjean,2,22.555500000000002,22.379
2019,5,hamilton,2,22.387999999999998,22.265
2019,5,hulkenberg,1,22.193,22.193
2019,5,kevin_magnussen,2,22.508499999999998,22.025
2019,5,kubica,2,22.048000000000002,21.954
2019,5,kvyat,2,27.935,22.049
2019,5,leclerc,2,22.642000000000003,21.638
2019,5,max_verstappen,2,22.4785,22.417
2019,5,norris,1,21.579,21.579
2019,5,perez,2,22.8385,22.781
2019,5,raikkonen,2,22.4455,22.342
2019,5,ricciardo,2,22.5405,22.379
2019,5,russell,2,22.144,21.846
2019,5,sainz,2,21.506500000000003,21.468
2019,5,stroll,1,23.321,23.321
2019,5,vettel,2,22.694499999999998,21.643
2019,6,albon,1,25.062,25.062
2019,6,bottas,2,24.903,24.776
2019,6,gasly,2,24.009500000000003,23.858
2019,6,giovinazzi,1,35.651,35.651
2019,6,grosjean,1,24.219,24.219
2019,6,hamilton,1,24.266,24.266
2019,6,hulkenberg,1,25.532,25.532
2019,6,kevin_magnussen,1,25.419,25.419
2019,6,kubica,1,23.946,23.946
2019,6,kvyat,1,24.023,24.023
2019,6,leclerc,2,25.8345,25.705
2019,6,max_verstappen,1,24.011,24.011
2019,6,norris,1,25.026,25.026
2019,6,perez,1,28.463,28.463
2019,6,raikkonen,1,26.299,26.299
2019,6,ricciardo,1,24.269,24.269
2019,6,russell,1,26.165,26.165
2019,6,sainz,1,23.795,23.795
2019,6,stroll,1,24.591,24.591
2019,6,vettel,1,24.483,24.483
2019,7,albon,1,37.95,37.95
2019,7,bottas,2,23.725,23.456
2019,7,gasly,1,23.485,23.485
2019,7,giovinazzi,1,23.884,23.884
2019,7,grosjean,1,24.071,24.071
2019,7,hamilton,1,23.662,23.662
2019,7,hulkenberg,1,24.03,24.03
2019,7,kevin_magnussen,1,24.381,24.381
2019,7,kubica,2,24.1645,23.119
2019,7,kvyat,1,23.825,23.825
2019,7,leclerc,1,23.732,23.732
2019,7,max_verstappen,1,23.426,23.426
2019,7,perez,1,24.076,24.076
2019,7,raikkonen,2,25.003999999999998,24.666
2019,7,ricciardo,1,23.927,23.927
2019,7,russell,1,23.686,23.686
2019,7,sainz,1,24.727,24.727
2019,7,stroll,1,23.727,23.727
2019,7,vettel,1,23.782,23.782
2019,8,albon,1,30.279,30.279
2019,8,bottas,1,30.412,30.412
2019,8,gasly,1,30.228,30.228
2019,8,giovinazzi,2,31.2695,30.842
2019,8,grosjean,1,30.837,30.837
2019,8,hamilton,1,30.186,30.186
2019,8,hulkenberg,1,30.884,30.884
2019,8,kevin_magnussen,1,30.832,30.832
2019,8,kubica,1,29.792,29.792
2019,8,kvyat,1,30.233,30.233
2019,8,leclerc,1,30.203,30.203
2019,8,max_verstappen,1,30.118,30.118
2019,8,norris,1,30.576,30.576
2019,8,perez,1,37.286,37.286
2019,8,raikkonen,1,29.975,29.975
2019,8,ricciardo,1,31.031,31.031
2019,8,russell,2,34.722,31.95
2019,8,sainz,1,29.92,29.92
2019,8,stroll,1,30.849,30.849
2019,8,vettel,2,30.256,30.044
2019,9,albon,1,21.225,21.225
2019,9,bottas,1,22.552,22.552
2019,9,gasly,1,22.239,22.239
2019,9,giovinazzi,1,21.672,21.672
2019,9,grosjean,1,22.265,22.265
2019,9,hamilton,1,30.067,30.067
2019,9,hulkenberg,1,21.985,21.985
2019,9,kevin_magnussen,3,20.592,16.224
2019,9,kubica,1,21.525,21.525
2019,9,kvyat,1,25.091,25.091
2019,9,leclerc,1,21.878,21.878
2019,9,max_verstappen,1,21.11,21.11
2019,9,norris,1,21.547,21.547
2019,9,perez,1,22.33,22.33
2019,9,raikkonen,1,21.709,21.709
2019,9,ricciardo,1,22.305,22.305
2019,9,russell,1,22.772,22.772
2019,9,sainz,1,21.266,21.266
2019,9,stroll,1,21.982,21.982
2019,9,vettel,2,23.7435,22.251
2019,10,albon,1,28.954,28.954
2019,10,bottas,2,28.335,28.177
2019,10,gasly,1,27.905,27.905
2019,10,grosjean,1,33.562,33.562
2019,10,hamilton,1,28.905,28.905
2019,10,hulkenberg,1,28.926,28.926
2019,10,kevin_magnussen,1,32.767,32.767
2019,10,kubica,1,28.694,28.694
2019,10,kvyat,2,29.094,28.811
2019,10,leclerc,2,28.453,28.348
2019,10,max_verstappen,2,27.8885,27.827
2019,10,norris,2,28.097,27.919
2019,10,perez,3,32.34766666666666,28.747
2019,10,raikkonen,1,28.364,28.364
2019,10,ricciardo,2,28.3985,28.381
2019,10,russell,1,30.245,30.245
2019,10,sainz,1,27.98,27.98
2019,10,stroll,2,29.737000000000002,29.074
2019,10,vettel,2,33.2445,28.021
2019,11,albon,4,20.935000000000002,19.931
2019,11,bottas,4,21.223,20.498
2019,11,gasly,4,22.5265,19.875
2019,11,giovinazzi,4,22.89425,20.096
2019,11,grosjean,5,22.6646,20.622
2019,11,hamilton,6,21.968799999999998,19.61
2019,11,hulkenberg,3,20.958,20.118
2019,11,kevin_magnussen,6,20.834833333333332,20.285
2019,11,kubica,5,20.8116,19.626
2019,11,kvyat,4,22.38975,20.671
2019,11,leclerc,3,20.926666666666666,20.317
2019,11,max_verstappen,5,20.3718,19.062
2019,11,norris,2,20.822000000000003,20.242
2019,11,raikkonen,4,22.908749999999998,20.93
2019,11,ricciardo,1,21.224,21.224
2019,11,russell,5,20.8858,19.287
2019,11,sainz,3,21.346,19.964
2019,11,stroll,5,21.3084,20.152
2019,11,vettel,5,20.7524,19.586
2019,12,albon,1,23.676,23.676
2019,12,bottas,2,27.536,21.744
2019,12,gasly,1,22.104,22.104
2019,12,giovinazzi,1,23.218,23.218
2019,12,grosjean,1,22.035,22.035
2019,12,hamilton,2,22.134999999999998,21.39
2019,12,hulkenberg,1,21.734,21.734
2019,12,kevin_magnussen,1,21.618,21.618
2019,12,kubica,1,21.754,21.754
2019,12,kvyat,1,23.002,23.002
2019,12,leclerc,1,21.575,21.575
2019,12,max_verstappen,2,21.4345,21.164
2019,12,norris,1,26.066,26.066
2019,12,perez,1,21.901,21.901
2019,12,raikkonen,1,22.205,22.205
2019,12,ricciardo,1,22.498,22.498
2019,12,russell,1,21.333,21.333
2019,12,sainz,1,21.832,21.832
2019,12,stroll,2,21.823999999999998,21.563
2019,12,vettel,1,24.819,24.819
2019,13,albon,1,22.506,22.506
2019,13,bottas,1,22.579,22.579
2019,13,gasly,1,22.772,22.772
2019,13,giovinazzi,1,23.044,23.044
2019,13,grosjean,1,22.912,22.912
2019,13,hamilton,1,23.497,23.497
2019,13,hulkenberg,2,23.475,23.475
2019,13,kevin_magnussen,1,22.584,22.584
2019,13,kubica,1,24.247,24.247
2019,13,kvyat,1,22.834,22.834
2019,13,leclerc,1,22.449,22.449
2019,13,norris,1,23.182,23.182
2019,13,perez,1,23.133,23.133
2019,13,raikkonen,3,30.313999999999997,25.005
2019,13,ricciardo,1,27.62,27.62
2019,13,russell,1,22.442,22.442
2019,13,sainz,1,59.291,59.291
2019,13,stroll,2,24.012,22.774
2019,13,vettel,2,22.8245,22.786
2019,14,albon,1,29.83,29.83
2019,14,bottas,1,23.7,23.7
2019,14,gasly,1,24.363,24.363
2019,14,giovinazzi,1,25.698,25.698
2019,14,grosjean,2,25.801000000000002,25.121
2019,14,hamilton,2,23.8215,23.731
2019,14,hulkenberg,1,24.092,24.092
2019,14,kevin_magnussen,2,24.689,24.4
2019,14,kubica,2,27.851,23.86
2019,14,kvyat,1,24.479,24.479
2019,14,leclerc,1,23.833,23.833
2019,14,max_verstappen,2,27.756999999999998,24.303
2019,14,norris,1,24.311,24.311
2019,14,perez,1,25.34,25.34
2019,14,raikkonen,2,28.4805,24.568
2019,14,ricciardo,1,24.32,24.32
2019,14,russell,1,24.198,24.198
2019,14,sainz,1,27.01,27.01
2019,14,stroll,2,21.628500000000003,18.838
2019,14,vettel,3,29.55666666666667,24.376
2019,15,albon,1,28.606,28.606
2019,15,bottas,1,29.234,29.234
2019,15,gasly,1,32.482,32.482
2019,15,giovinazzi,2,29.015,28.96
2019,15,grosjean,2,36.516,29.456
2019,15,hamilton,1,28.93,28.93
2019,15,hulkenberg,2,29.3575,29.152
2019,15,kevin_magnussen,2,30.1595,29.403
2019,15,kubica,2,29.677,29.033
2019,15,kvyat,2,31.755,28.799
2019,15,leclerc,1,29.168,29.168
2019,15,max_verstappen,1,28.846,28.846
2019,15,norris,1,30.397,30.397
2019,15,perez,1,29.082,29.082
2019,15,raikkonen,1,29.992,29.992
2019,15,ricciardo,1,30.756,30.756
2019,15,russell,1,38.752,38.752
2019,15,sainz,2,30.623,30.623
2019,15,stroll,3,32.71,29.46
2019,15,vettel,1,29.384,29.384
2019,16,albon,1,29.854,29.854
2019,16,bottas,1,29.436,29.436
2019,16,gasly,1,29.935,29.935
2019,16,giovinazzi,2,34.21,30.227
2019,16,hamilton,1,29.751,29.751
2019,16,hulkenberg,2,32.025000000000006,29.786
2019,16,kevin_magnussen,1,30.509,30.509
2019,16,kubica,2,30.381999999999998,30.177
2019,16,kvyat,2,30.162,29.571
2019,16,leclerc,2,29.4745,29.401
2019,16,max_verstappen,1,29.978,29.978
2019,16,norris,1,29.29,29.29
2019,16,perez,1,30.271,30.271
2019,16,raikkonen,2,30.775,25.038
2019,16,ricciardo,1,36.031,36.031
2019,16,russell,1,29.857,29.857
2019,16,sainz,1,30.103,30.103
2019,16,stroll,1,30.168,30.168
2019,16,vettel,1,29.86,29.86
2019,17,albon,2,23.3275,23.301
2019,17,bottas,2,23.157,23.157
2019,17,gasly,1,23.18,23.18
2019,17,giovinazzi,2,23.3815,23.351
2019,17,grosjean,1,23.478,23.478
2019,17,hamilton,2,23.5865,23.582
2019,17,hulkenberg,1,24.132,24.132
2019,17,kevin_magnussen,2,24.0645,23.973
2019,17,kubica,2,24.852,22.97
2019,17,kvyat,1,23.293,23.293
2019,17,leclerc,3,25.787333333333333,23.28
2019,17,norris,2,24.648000000000003,23.949
2019,17,perez,2,23.0905,22.88
2019,17,raikkonen,2,23.816000000000003,23.164
2019,17,ricciardo,1,23.292,23.292
2019,17,russell,1,23.792,23.792
2019,17,sainz,1,23.476,23.476
2019,17,stroll,1,23.292,23.292
2019,17,vettel,2,23.622500000000002,23.213
2019,18,albon,2,22.0975,22.003
2019,18,bottas,1,22.179,22.179
2019,18,gasly,2,22.6535,22.618
2019,18,giovinazzi,1,43.411,43.411
2019,18,grosjean,1,24.128,24.128
2019,18,hamilton,1,22.269,22.269
2019,18,hulkenberg,1,22.484,22.484
2019,18,kevin_magnussen,1,23.084,23.084
2019,18,kubica,2,23.588,22.57
2019,18,kvyat,2,22.261499999999998,22.033
2019,18,leclerc,2,23.894,22.002
2019,18,max_verstappen,1,24.493,24.493
2019,18,perez,1,22.357,22.357
2019,18,raikkonen,2,22.8585,22.754
2019,18,ricciardo,1,22.345,22.345
2019,18,russell,1,22.887,22.887
2019,18,sainz,2,22.21,22.179
2019,18,stroll,1,22.745,22.745
2019,18,vettel,1,21.862,21.862
2019,19,albon,3,27.006,23.213
2019,19,bottas,2,23.985,23.819
2019,19,gasly,2,24.2275,24.195
2019,19,giovinazzi,2,24.718,24.206
2019,19,grosjean,1,24.583,24.583
2019,19,hamilton,1,23.943,23.943
2019,19,hulkenberg,2,23.9645,23.684
2019,19,kevin_magnussen,2,24.83,24.731
2019,19,kubica,1,24.164,24.164
2019,19,kvyat,2,25.6385,24.162
2019,19,leclerc,2,26.500500000000002,23.844
2019,19,max_verstappen,2,23.58,23.444
2019,19,norris,2,25.227,24.678
2019,19,perez,1,24.207,24.207
2019,19,raikkonen,2,24.615000000000002,24.544
2019,19,ricciardo,1,23.751,23.751
2019,19,russell,2,26.225,23.702
2019,19,sainz,1,24.784,24.784
2019,19,stroll,2,24.881,24.567
2019,20,albon,2,23.072000000000003,23.071
2019,20,bottas,2,23.179000000000002,23.148
2019,20,gasly,2,23.253,22.922
2019,20,giovinazzi,2,23.3395,23.155
2019,20,grosjean,2,23.6235,23.471
2019,20,hamilton,3,23.01,22.882
2019,20,hulkenberg,3,23.229,22.747
2019,20,kevin_magnussen,2,23.685,23.479
2019,20,kubica,4,25.29,23.158
2019,20,kvyat,2,23.0685,22.759
2019,20,leclerc,2,23.004,22.966
2019,20,max_verstappen,3,22.689333333333334,22.593
2019,20,norris,2,23.368000000000002,23.355
2019,20,perez,2,23.110500000000002,23.079
2019,20,raikkonen,2,23.652,23.463
2019,20,ricciardo,2,30.125500000000002,29.491
2019,20,russell,3,22.713333333333335,22.441
2019,20,sainz,1,22.77,22.77
2019,20,stroll,2,24.0935,23.346
2019,20,vettel,2,23.088500000000003,23.039
2019,21,albon,1,22.028,22.028
2019,21,bottas,1,21.145,21.145
2019,21,giovinazzi,2,22.0825,21.977
2019,21,grosjean,1,21.968,21.968
2019,21,hamilton,1,22.178,22.178
2019,21,hulkenberg,1,21.578,21.578
2019,21,kevin_magnussen,1,21.531,21.531
2019,21,kubica,1,21.688,21.688
2019,21,kvyat,1,21.496,21.496
2019,21,leclerc,2,21.485500000000002,21.274
2019,21,max_verstappen,1,21.023,21.023
2019,21,norris,1,22.974,22.974
2019,21,perez,1,22.23,22.23
2019,21,raikkonen,1,22.41,22.41
2019,21,ricciardo,2,21.764,21.624
2019,21,russell,1,22.272,22.272
2019,21,sainz,2,21.697000000000003,21.466
2019,21,stroll,2,25.31,21.778
2019,21,vettel,2,23.814500000000002,21.858
2020,1,albon,3,20.052,17.035
2020,1,bottas,2,19.172,16.407
2020,1,gasly,2,21.1885,19.911
2020,1,giovinazzi,3,22.045666666666666,19.678
2020,1,grosjean,1,23.28,23.28
2020,1,hamilton,2,19.1075,16.365
2020,1,kvyat,3,21.349,19.656
2020,1,latifi,3,21.154666666666667,19.488
2020,1,leclerc,3,21.158666666666665,18.748
2020,1,norris,3,21.240333333333336,18.163
2020,1,ocon,2,20.6545,19.626
2020,1,perez,2,19.4645,16.546
2020,1,raikkonen,2,22.399,21.569
2020,1,russell,1,21.417,21.417
2020,1,sainz,3,21.898666666666667,20.064
2020,1,vettel,3,21.433000000000003,19.33
2020,2,albon,1,21.505,21.505
2020,2,bottas,1,21.376,21.376
2020,2,gasly,2,22.115000000000002,21.95
2020,2,giovinazzi,1,21.667,21.667
2020,2,grosjean,1,22.444,22.444
2020,2,hamilton,1,21.729,21.729
2020,2,kevin_magnussen,1,21.977,21.977
2020,2,kvyat,1,22.197,22.197
2020,2,latifi,1,22.745,22.745
2020,2,leclerc,1,39.715,39.715
2020,2,max_verstappen,2,21.014000000000003,20.937
2020,2,norris,1,22.406,22.406
2020,2,perez,1,22.761,22.761
2020,2,raikkonen,1,21.459,21.459
2020,2,ricciardo,1,21.603,21.603
2020,2,russell,1,21.697,21.697
2020,2,sainz,2,23.928,21.873
2020,2,stroll,1,22.118,22.118
2020,3,albon,2,22.61,22.174
2020,3,bottas,3,21.707333333333334,21.572
2020,3,gasly,1,22.74,22.74
2020,3,giovinazzi,3,22.398666666666667,21.831
2020,3,grosjean,1,22.591,22.591
2020,3,hamilton,3,22.336666666666662,22.264
2020,3,kevin_magnussen,1,23.621,23.621
2020,3,kvyat,2,23.1265,22.685
2020,3,latifi,5,26.773400000000002,21.596
2020,3,leclerc,2,22.415,22.266
2020,3,max_verstappen,2,21.3985,21.268
2020,3,norris,2,22.877000000000002,22.742
2020,3,ocon,2,23.0705,21.86
2020,3,perez,2,22.657,22.051
2020,3,raikkonen,2,24.7135,22.299
2020,3,ricciardo,2,21.9965,21.92
2020,3,russell,3,21.533,21.184
2020,3,sainz,2,24.7845,22.438
2020,3,stroll,3,22.557333333333332,22.057
2020,3,vettel,2,25.083,21.88
2020,4,albon,2,31.070999999999998,28.834
2020,4,bottas,2,32.0865,30.571
2020,4,gasly,1,29.414,29.414
2020,4,giovinazzi,1,28.355,28.355
2020,4,grosjean,1,33.816,33.816
2020,4,hamilton,1,28.805,28.805
2020,4,latifi,1,31.371,31.371
2020,4,leclerc,1,29.52,29.52
2020,4,max_verstappen,2,28.240499999999997,28.208
2020,4,norris,1,30.289,30.289
2020,4,ocon,1,30.768,30.768
2020,4,raikkonen,2,40.337500000000006,36.59
2020,4,ricciardo,1,29.559,29.559
2020,4,russell,1,29.302,29.302
2020,4,sainz,2,32.3825,28.487
2020,4,stroll,1,28.716,28.716
2020,4,vettel,1,29.439,29.439
2020,5,albon,2,28.137500000000003,27.858
2020,5,bottas,2,28.298000000000002,28.188
2020,5,gasly,2,28.331000000000003,28.306
2020,5,giovinazzi,2,27.7925,27.693
2020,5,grosjean,2,29.59,29.377
2020,5,hamilton,2,28.904,28.406
2020,5,hulkenberg,3,28.701000000000004,28.386
2020,5,kevin_magnussen,2,29.1615,28.934
2020,5,kvyat,2,28.200499999999998,28.036
2020,5,latifi,3,28.610333333333333,28.086
2020,5,leclerc,1,29.419,29.419
2020,5,max_verstappen,2,29.0505,28.986
2020,5,norris,2,28.4115,27.949
2020,5,ocon,1,28.093,28.093
2020,5,raikkonen,1,29.296,29.296
2020,5,ricciardo,3,28.270333333333337,28.057
2020,5,russell,3,28.471333333333334,28.331
2020,5,sainz,2,32.318,28.772
2020,5,stroll,2,28.1045,27.974
2020,5,vettel,2,28.259500000000003,28.167
2020,6,albon,2,21.7335,21.663
2020,6,bottas,3,22.353333333333335,22.143
2020,6,gasly,2,22.3175,22.241
2020,6,giovinazzi,2,22.0185,21.794
2020,6,grosjean,2,23.611,23.212
2020,6,hamilton,2,22.615000000000002,21.853
2020,6,kevin_magnussen,1,24.148,24.148
2020,6,kvyat,2,22.5575,22.079
2020,6,latifi,2,22.3985,22.322
2020,6,leclerc,1,22.274,22.274
2020,6,max_verstappen,2,21.566499999999998,21.532
2020,6,norris,2,21.93,21.761
2020,6,ocon,1,22.366,22.366
2020,6,perez,1,22.641,22.641
2020,6,raikkonen,2,22.255499999999998,22.197
2020,6,ricciardo,1,21.837,21.837
2020,6,russell,2,22.298499999999997,21.889
2020,6,sainz,2,22.122,22.078
2020,6,stroll,2,22.369500000000002,22.351
2020,6,vettel,1,21.82,21.82
2020,7,albon,1,22.738,22.738
2020,7,bottas,1,25.548,25.548
2020,7,gasly,1,22.681,22.681
2020,7,grosjean,1,23.636,23.636
2020,7,hamilton,1,23.298,23.298
2020,7,kevin_magnussen,2,25.2475,24.339
2020,7,kvyat,1,23.769,23.769
2020,7,latifi,2,23.5045,23.477
2020,7,leclerc,2,27.889000000000003,25.1
2020,7,max_verstappen,1,23.314,23.314
2020,7,norris,1,23.046,23.046
2020,7,ocon,1,24.305,24.305
2020,7,perez,1,23.175,23.175
2020,7,raikkonen,1,22.96,22.96
2020,7,ricciardo,1,23.586,23.586
2020,7,stroll,1,23.689,23.689
2020,7,vettel,1,22.982,22.982
2020,8,albon,2,29.661,29.661
2020,8,bottas,2,24.41,24.41
2020,8,gasly,2,24.096,24.096
2020,8,giovinazzi,3,27.739,23.998
2020,8,grosjean,2,25.936,25.936
2020,8,hamilton,3,28.157,24.671
2020,8,kevin_magnussen,1,40.078,40.078
2020,8,kvyat,2,25.92,25.92
2020,8,latifi,2,26.335,26.335
2020,8,leclerc,1,24.344,24.344
2020,8,max_verstappen,2,26.149,26.149
2020,8,norris,2,24.612,24.612
2020,8,ocon,2,25.29,25.29
2020,8,perez,2,26.693,26.693
2020,8,raikkonen,2,24.454,24.454
2020,8,ricciardo,2,25.498,25.498
2020,8,russell,2,25.249,25.249
2020,8,sainz,2,24.398,24.398
2020,8,stroll,1,,
2020,9,albon,5,20.933333333333334,17.591
2020,9,bottas,5,21.290000000000003,17.56
2020,9,grosjean,5,24.167666666666666,23.72
2020,9,hamilton,5,20.927000000000003,17.536
2020,9,kvyat,5,21.126666666666665,17.522
2020,9,leclerc,5,21.450666666666667,17.516
2020,9,norris,5,22.26733333333333,17.845
2020,9,ocon,1,17.455,17.455
2020,9,perez,5,21.206999999999997,17.531
2020,9,raikkonen,6,27.6145,17.594
2020,9,ricciardo,5,21.801000000000002,17.464
2020,9,russell,5,21.801333333333332,18.399
2020,9,stroll,3,20.235500000000002,17.625
2020,9,vettel,6,24.14575,17.516
2020,10,albon,2,30.161,30.111
2020,10,bottas,1,29.75,29.75
2020,10,gasly,2,29.5895,29.409
2020,10,giovinazzi,1,29.767,29.767
2020,10,grosjean,2,30.021,29.988
2020,10,hamilton,1,41.352,41.352
2020,10,kevin_magnussen,1,30.188,30.188
2020,10,kvyat,1,29.662,29.662
2020,10,latifi,1,29.862,29.862
2020,10,leclerc,1,30.261,30.261
2020,10,max_verstappen,1,28.748,28.748
2020,10,norris,2,34.238,31.368
2020,10,ocon,1,30.068,30.068
2020,10,perez,1,29.602,29.602
2020,10,raikkonen,1,33.317,33.317
2020,10,ricciardo,1,30.112,30.112
2020,10,russell,3,29.757666666666665,29.433
2020,10,vettel,1,29.395,29.395
2020,11,albon,1,23.562,23.562
2020,11,bottas,1,22.625,22.625
2020,11,gasly,2,22.771,22.625
2020,11,giovinazzi,2,22.627,22.482
2020,11,grosjean,1,23.635,23.635
2020,11,hamilton,2,23.5815,23.18
2020,11,hulkenberg,2,22.692999999999998,22.686
2020,11,kevin_magnussen,2,23.064999999999998,23.016
2020,11,kvyat,2,26.6765,22.527
2020,11,latifi,2,24.4,24.063
2020,11,leclerc,2,22.8355,22.56
2020,11,max_verstappen,2,22.337000000000003,22.106
2020,11,norris,1,21.991,21.991
2020,11,perez,2,22.746,22.612
2020,11,raikkonen,2,27.9405,22.865
2020,11,ricciardo,2,22.3445,22.159
2020,11,russell,1,22.496,22.496
2020,11,sainz,2,22.572,22.503
2020,11,vettel,2,23.491,22.616
2020,12,albon,2,26.0845,25.882
2020,12,bottas,1,26.512,26.512
2020,12,gasly,1,27.204,27.204
2020,12,giovinazzi,1,26.473,26.473
2020,12,grosjean,1,26.985,26.985
2020,12,hamilton,1,27.162,27.162
2020,12,kevin_magnussen,1,27.3,27.3
2020,12,kvyat,2,30.076999999999998,27.211
2020,12,latifi,1,26.739,26.739
2020,12,leclerc,1,26.94,26.94
2020,12,max_verstappen,1,26.394,26.394
2020,12,norris,2,31.2785,27.75
2020,12,ocon,1,28.535,28.535
2020,12,perez,2,26.406,26.177
2020,12,raikkonen,1,29.061,29.061
2020,12,ricciardo,1,26.999,26.999
2020,12,russell,1,32.991,32.991
2020,12,sainz,1,27.299,27.299
2020,12,stroll,2,36.8985,36.314
2020,12,vettel,1,26.666,26.666
2020,13,albon,2,29.661,29.552
2020,13,bottas,2,29.8645,29.6
2020,13,giovinazzi,1,29.745,29.745
2020,13,grosjean,2,30.8105,30.422
2020,13,hamilton,2,30.6535,30.382
2020,13,kevin_magnussen,1,30.708,30.708
2020,13,kvyat,2,30.043,29.809
2020,13,latifi,1,29.892,29.892
2020,13,leclerc,1,30.243,30.243
2020,13,max_verstappen,1,29.427,29.427
2020,13,norris,2,29.942999999999998,29.683
2020,13,ocon,1,30.559,30.559
2020,13,perez,2,30.27,29.985
2020,13,raikkonen,1,29.863,29.863
2020,13,ricciardo,1,30.204,30.204
2020,13,russell,1,29.707,29.707
2020,13,sainz,2,30.282,29.95
2020,13,stroll,3,34.461666666666666,30.566
2020,13,vettel,2,35.2155,29.934
2020,14,albon,2,22.546,22.49
2020,14,bottas,2,23.125500000000002,22.853
2020,14,gasly,2,23.4785,23.288
2020,14,giovinazzi,1,25.432,25.432
2020,14,grosjean,2,29.054000000000002,26.686
2020,14,hamilton,1,23.86,23.86
2020,14,kevin_magnussen,2,24.552,24.552
2020,14,kvyat,1,23.417,23.417
2020,14,latifi,2,30.668499999999998,24.738
2020,14,leclerc,2,23.981,23.687
2020,14,max_verstappen,3,23.187,22.518
2020,14,norris,2,23.185000000000002,22.684
2020,14,ocon,2,24.597,23.475
2020,14,perez,1,25.163,25.163
2020,14,raikkonen,3,28.433666666666667,23.18
2020,14,ricciardo,2,23.339,23.208
2020,14,russell,2,22.79,22.692
2020,14,sainz,2,23.7235,23.537
2020,14,stroll,2,23.689999999999998,23.65
2020,14,vettel,2,24.7115,24.022
2020,15,albon,3,24.009999999999998,23.848
2020,15,bottas,4,24.781666666666666,24.675
2020,15,gasly,2,24.398,24.398
2020,15,giovinazzi,3,24.490499999999997,24.145
2020,15,hamilton,3,24.203,24.061
2020,15,kevin_magnussen,4,30.004666666666665,25.793
2020,15,kvyat,3,30.726,24.135
2020,15,latifi,3,24.136000000000003,24.024
2020,15,leclerc,3,25.027,24.855
2020,15,max_verstappen,4,25.159333333333333,23.906
2020,15,norris,3,24.6725,24.666
2020,15,ocon,3,24.665,24.076
2020,15,perez,3,24.453,24.317
2020,15,raikkonen,3,28.774,25.27
2020,15,ricciardo,3,24.717,24.617
2020,15,russell,3,25.5875,24.029
2020,15,sainz,3,25.0065,24.511
2020,15,stroll,1,,
2020,15,vettel,3,25.109,24.774
2020,16,aitken,3,30.192999999999998,24.863
2020,16,albon,2,23.7595,23.645
2020,16,bottas,2,38.713,24.552
2020,16,gasly,2,24.827,24.577
2020,16,giovinazzi,2,24.6805,24.551
2020,16,kevin_magnussen,2,25.47,25.466
2020,16,kvyat,2,24.1665,24.101
2020,16,latifi,1,24.297,24.297
2020,16,norris,2,24.565,24.245
2020,16,ocon,1,24.414,24.414
2020,16,perez,2,24.360500000000002,24.214
2020,16,pietro_fittipaldi,3,26.618,25.78
2020,16,raikkonen,3,25.868333333333336,24.401
2020,16,ricciardo,2,24.5845,24.474
2020,16,russell,4,25.608,24.235
2020,16,sainz,2,24.5075,24.162
2020,16,stroll,1,24.684,24.684
2020,16,vettel,3,26.368333333333336,24.809
2020,17,albon,1,21.508,21.508
2020,17,bottas,1,21.587,21.587
2020,17,gasly,1,,
2020,17,giovinazzi,1,21.48,21.48
2020,17,hamilton,1,22.406,22.406
2020,17,kevin_magnussen,2,22.906,22.714
2020,17,kvyat,1,25.724,25.724
2020,17,latifi,2,21.8705,21.357
2020,17,leclerc,1,22.178,22.178
2020,17,max_verstappen,1,21.289,21.289
2020,17,norris,1,21.84,21.84
2020,17,ocon,1,21.615,21.615
2020,17,pietro_fittipaldi,3,26.015666666666664,23.217
2020,17,raikkonen,1,22.012,22.012
2020,17,ricciardo,1,22.123,22.123
2020,17,russell,1,22.085,22.085
2020,17,sainz,1,22.14,22.14
2020,17,stroll,1,22.036,22.036
2020,17,vettel,1,22.04,22.04
2021,1,alonso,2,24.573999999999998,24.373
2021,1,bottas,3,27.241666666666664,24.262
2021,1,gasly,3,29.212666666666667,24.317
2021,1,giovinazzi,2,28.110500000000002,24.223
2021,1,hamilton,2,24.4575,24.076
2021,1,latifi,2,25.014499999999998,23.983
2021,1,leclerc,2,24.5505,24.176
2021,1,max_verstappen,2,24.307499999999997,23.848
2021,1,mick_schumacher,2,25.5705,25.343
2021,1,norris,2,25.2695,24.899
2021,1,ocon,2,24.8485,24.471
2021,1,perez,3,24.096333333333334,23.993
2021,1,raikkonen,2,24.0765,24.046
2021,1,ricciardo,2,24.6715,24.655
2021,1,russell,2,24.4345,24.248
2021,1,sainz,2,24.347,24.341
2021,1,stroll,2,25.2045,24.884
2021,1,tsunoda,2,24.686999999999998,24.328
2021,1,vettel,1,24.626,24.626
2021,2,alonso,3,44.2325,30.864
2021,2,bottas,1,30.167,30.167
2021,2,gasly,4,39.809333333333335,31.068
2021,2,giovinazzi,4,31.0205,29.742
2021,2,hamilton,4,35.155,32.112
2021,2,leclerc,2,31.002,31.002
2021,2,max_verstappen,2,29.809,29.809
2021,2,mazepin,4,37.465666666666664,31.168
2021,2,mick_schumacher,4,44.90266666666667,32.479
2021,2,norris,2,30.654,30.654
2021,2,ocon,5,37.238,30.652
2021,2,perez,2,44.608,44.608
2021,2,raikkonen,3,30.28,30.28
2021,2,ricciardo,2,34.34,34.34
2021,2,russell,1,29.983,29.983
2021,2,sainz,2,30.856,30.856
2021,2,stroll,3,31.138,31.138
2021,2,tsunoda,3,30.696,30.696
2021,2,vettel,5,38.688250000000004,31.184
2021,3,alonso,3,23.171666666666667,21.452
2021,3,bottas,4,24.24,21.377
2021,3,gasly,3,23.281333333333333,21.353
2021,3,giovinazzi,3,23.961,22.485
2021,3,hamilton,3,23.832333333333334,22.164
2021,3,latifi,3,23.43166666666667,21.73
2021,3,leclerc,3,23.664,21.323
2021,3,max_verstappen,4,24.471,22.104
2021,3,mazepin,4,24.2365,21.372
2021,3,mick_schumacher,3,23.572666666666667,21.454
2021,3,norris,3,23.636666666666667,21.407
2021,3,ocon,3,23.516000000000002,21.275
2021,3,perez,3,23.532333333333337,21.89
2021,3,ricciardo,3,24.319666666666667,21.965
2021,3,russell,3,24.376666666666665,22.755
2021,3,sainz,3,23.388333333333332,22.029
2021,3,stroll,3,23.489,22.176
2021,3,tsunoda,3,23.67,22.266
2021,3,vettel,3,23.256,21.398
2021,4,alonso,2,22.761,22.043
2021,4,bottas,2,21.9745,21.638
2021,4,gasly,2,27.0535,26.065
2021,4,giovinazzi,2,38.772,22.871
2021,4,hamilton,2,22.149,22.078
2021,4,latifi,3,23.500333333333334,21.424
2021,4,leclerc,2,21.9525,21.613
2021,4,max_verstappen,2,22.5785,21.592
2021,4,mazepin,2,22.799999999999997,22.502
2021,4,mick_schumacher,2,23.158,22.31
2021,4,norris,2,22.1655,21.864
2021,4,ocon,1,22.798,22.798
2021,4,perez,2,21.863500000000002,21.345
2021,4,raikkonen,1,21.572,21.572
2021,4,ricciardo,2,22.084,21.762
2021,4,russell,2,22.866500000000002,21.919
2021,4,sainz,2,21.817500000000003,21.779
2021,4,stroll,2,21.594,21.432
2021,4,vettel,2,22.53,21.973
2021,5,alonso,1,23.803,23.803
2021,5,gasly,1,24.428,24.428
2021,5,giovinazzi,1,24.521,24.521
2021,5,hamilton,2,24.0135,23.783
2021,5,latifi,1,23.703,23.703
2021,5,max_verstappen,1,23.746,23.746
2021,5,mazepin,1,25.202,25.202
2021,5,mick_schumacher,1,24.797,24.797
2021,5,norris,1,23.874,23.874
2021,5,ocon,1,23.935,23.935
2021,5,perez,1,24.548,24.548
2021,5,raikkonen,1,24.077,24.077
2021,5,ricciardo,1,24.715,24.715
2021,5,russell,1,23.928,23.928
2021,5,sainz,1,24.15,24.15
2021,5,stroll,1,23.474,23.474
2021,5,tsunoda,1,24.43,24.43
2021,5,vettel,1,24.369,24.369
2021,6,alonso,4,18.527666666666665,15.432
2021,6,bottas,3,20.851,20.356
2021,6,gasly,3,17.6205,15.085
2021,6,giovinazzi,4,18.492,14.881
2021,6,hamilton,3,18.951,15.432
2021,6,latifi,2,22.149,22.149
2021,6,leclerc,3,17.464,15.092
2021,6,max_verstappen,1,19.769,19.769
2021,6,mazepin,6,20.88775,15.054
2021,6,mick_schumacher,5,19.695,15.058
2021,6,norris,3,18.1995,15.866
2021,6,perez,3,18.575499999999998,15.277
2021,6,raikkonen,3,17.555999999999997,15.064
2021,6,ricciardo,3,17.538,14.994
2021,6,russell,4,20.479,19.97
2021,6,sainz,3,17.5915,15.119
2021,6,tsunoda,3,17.598,14.943
2021,6,vettel,3,17.393,14.945
2021,7,alonso,1,31.288,31.288
2021,7,bottas,1,30.572,30.572
2021,7,gasly,1,30.781,30.781
2021,7,giovinazzi,1,30.586,30.586
2021,7,hamilton,1,30.263,30.263
2021,7,latifi,1,29.775,29.775
2021,7,leclerc,2,31.083,30.798
2021,7,max_verstappen,2,29.963,29.803
2021,7,mazepin,1,30.983,30.983
2021,7,mick_schumacher,1,31.457,31.457
2021,7,norris,1,30.531,30.531
2021,7,ocon,1,30.207,30.207
2021,7,perez,1,29.682,29.682
2021,7,raikkonen,1,31.327,31.327
2021,7,ricciardo,1,29.951,29.951
2021,7,russell,1,30.092,30.092
2021,7,sainz,1,30.534,30.534
2021,7,stroll,1,30.996,30.996
2021,7,tsunoda,1,30.226,30.226
2021,7,vettel,1,31.069,31.069
2021,8,alonso,1,21.131,21.131
2021,8,bottas,1,21.752,21.752
2021,8,giovinazzi,1,21.21,21.21
2021,8,hamilton,2,21.4295,21.219
2021,8,latifi,2,24.186,21.953
2021,8,leclerc,2,25.155,21.924
2021,8,max_verstappen,1,20.936,20.936
2021,8,mazepin,1,22.759,22.759
2021,8,mick_schumacher,1,22.4,22.4
2021,8,norris,1,21.692,21.692
2021,8,ocon,1,21.238,21.238
2021,8,perez,2,22.219,20.961
2021,8,raikkonen,1,21.227,21.227
2021,8,ricciardo,1,21.41,21.41
2021,8,russell,2,41.812,37.309
2021,8,sainz,1,21.226,21.226
2021,8,stroll,1,20.936,20.936
2021,8,tsunoda,1,21.234,21.234
2021,8,vettel,1,21.546,21.546
2021,9,alonso,1,22.663,22.663
2021,9,bottas,1,21.071,21.071
2021,9,gasly,2,21.707,20.85
2021,9,giovinazzi,2,24.125500000000002,21.129
2021,9,hamilton,2,21.213,21.005
2021,9,latifi,1,21.152,21.152
2021,9,leclerc,1,21.143,21.143
2021,9,max_verstappen,2,21.163,21.09
2021,9,mazepin,2,23.182,23.182
2021,9,mick_schumacher,1,21.798,21.798
2021,9,norris,1,26.474,26.474
2021,9,perez,1,21.735,21.735
2021,9,raikkonen,1,21.896,21.896
2021,9,ricciardo,1,21.151,21.151
2021,9,russell,1,21.606,21.606
2021,9,sainz,1,21.431,21.431
2021,9,stroll,2,21.4315,21.391
2021,9,tsunoda,2,23.874499999999998,21.145
2021,9,vettel,2,20.9635,20.841
2021,10,alonso,2,29.743,29.743
2021,10,bottas,2,28.209,28.209
2021,10,gasly,3,28.432499999999997,28.18
2021,10,giovinazzi,2,28.137,28.137
2021,10,hamilton,2,40.266,40.266
2021,10,latifi,2,27.543,27.543
2021,10,leclerc,2,28.433,28.433
2021,10,mazepin,2,29.253,29.253
2021,10,mick_schumacher,2,29.319,29.319
2021,10,norris,2,31.706,31.706
2021,10,ocon,2,28.772,28.772
2021,10,perez,4,28.274,27.848
2021,10,raikkonen,2,28.11,28.11
2021,10,ricciardo,2,28.817,28.817
2021,10,russell,2,27.812,27.812
2021,10,sainz,2,37.509,37.509
2021,10,stroll,2,28.213,28.213
2021,10,tsunoda,2,29.134,29.134
2021,10,vettel,2,28.145,28.145
2021,11,alonso,3,29.322499999999998,21.523
2021,11,gasly,4,27.558999999999997,21.295
2021,11,giovinazzi,5,28.63425,21.874
2021,11,hamilton,4,21.485,21.208
2021,11,latifi,3,30.892500000000002,22.704
2021,11,max_verstappen,5,24.92725,20.848
2021,11,mazepin,2,23.715,23.715
2021,11,mick_schumacher,3,29.463,22.113
2021,11,norris,1,38.267,38.267
2021,11,ocon,3,30.582,21.642
2021,11,raikkonen,4,31.026666666666667,21.172
2021,11,ricciardo,3,28.057499999999997,21.623
2021,11,russell,3,25.78,22.186
2021,11,sainz,3,32.3685,21.951
2021,11,tsunoda,3,31.2795,21.819
2021,11,vettel,3,31.792499999999997,22.703
2021,13,alonso,1,19.018,19.018
2021,13,bottas,2,20.3015,18.873
2021,13,gasly,1,19.163,19.163
2021,13,giovinazzi,2,19.546,19.049
2021,13,hamilton,3,19.28,18.868
2021,13,kubica,1,19.708,19.708
2021,13,latifi,1,20.646,20.646
2021,13,leclerc,1,19.49,19.49
2021,13,max_verstappen,2,18.86,18.578
2021,13,mazepin,1,19.999,19.999
2021,13,mick_schumacher,2,30.075499999999998,24.578
2021,13,norris,1,20.443,20.443
2021,13,ocon,1,19.24,19.24
2021,13,perez,2,18.921,18.555
2021,13,ricciardo,1,19.449,19.449
2021,13,russell,2,22.0835,18.634
2021,13,sainz,1,20.327,20.327
2021,13,stroll,1,19.389,19.389
2021,13,tsunoda,1,19.85,19.85
2021,13,vettel,2,18.6725,18.664
2021,14,alonso,1,24.797,24.797
2021,14,bottas,1,24.308,24.308
2021,14,giovinazzi,2,33.8705,30.551
2021,14,hamilton,1,25.619,25.619
2021,14,kubica,1,24.501,24.501
2021,14,latifi,1,24.168,24.168
2021,14,leclerc,1,24.557,24.557
2021,14,max_verstappen,1,32.456,32.456
2021,14,mazepin,3,26.88366666666667,24.806
2021,14,mick_schumacher,1,24.714,24.714
2021,14,norris,1,24.168,24.168
2021,14,ocon,1,30.333,30.333
2021,14,perez,1,23.906,23.906
2021,14,ricciardo,1,23.812,23.812
2021,14,russell,1,24.156,24.156
2021,14,sainz,1,24.283,24.283
2021,14,stroll,1,24.846,24.846
2021,14,vettel,2,25.542,25.157
2021,15,alonso,2,30.4295,30.157
2021,15,bottas,2,29.752499999999998,29.569
2021,15,gasly,2,30.6345,29.354
2021,15,giovinazzi,2,32.021,30.081
2021,15,hamilton,2,29.9615,29.878
2021,15,latifi,1,30.056,30.056
2021,15,leclerc,2,32.2485,31.849
2021,15,max_verstappen,2,30.2975,29.578
2021,15,mazepin,2,32.028999999999996,30.127
2021,15,mick_schumacher,1,29.996,29.996
2021,15,norris,2,31.247,29.824
2021,15,ocon,2,31.582500000000003,29.901
2021,15,perez,2,34.1695,32.313
2021,15,raikkonen,2,30.116500000000002,30.102
2021,15,ricciardo,2,32.3165,31.016
2021,15,russell,2,31.373,30.665
2021,15,sainz,2,30.695999999999998,30.677
2021,15,stroll,2,36.682500000000005,30.241
2021,15,tsunoda,3,30.688,30.112
2021,15,vettel,2,30.685000000000002,29.242
2021,16,alonso,1,29.116,29.116
2021,16,bottas,1,22.962,22.962
2021,16,gasly,1,29.31,29.31
2021,16,giovinazzi,1,23.15,23.15
2021,16,hamilton,1,22.684,22.684
2021,16,latifi,1,24.104,24.104
2021,16,leclerc,1,23.646,23.646
2021,16,max_verstappen,1,22.442,22.442
2021,16,mazepin,1,23.829,23.829
2021,16,mick_schumacher,1,23.892,23.892
2021,16,norris,1,23.239,23.239
2021,16,perez,1,22.463,22.463
2021,16,raikkonen,1,23.164,23.164
2021,16,ricciardo,1,23.028,23.028
2021,16,russell,1,23.551,23.551
2021,16,sainz,1,28.353,28.353
2021,16,stroll,1,35.509,35.509
2021,16,tsunoda,1,23.329,23.329
2021,16,vettel,2,23.506999999999998,23.5
2021,17,alonso,3,23.578000000000003,23.314
2021,17,bottas,2,24.0315,23.619
2021,17,gasly,1,23.745,23.745
2021,17,giovinazzi,2,23.7475,23.502
2021,17,hamilton,2,24.0785,23.676
2021,17,latifi,2,28.1315,23.653
2021,17,leclerc,2,23.908,23.805
2021,17,max_verstappen,2,23.889499999999998,23.727
2021,17,mazepin,3,26.484333333333336,24.169
2021,17,mick_schumacher,2,24.27,24.247
2021,17,norris,2,24.9665,24.385
2021,17,ocon,2,32.3595,23.919
2021,17,perez,2,24.311,23.604
2021,17,raikkonen,2,24.1405,24.09
2021,17,ricciardo,2,24.106,24.036
2021,17,russell,2,24.276,23.572
2021,17,sainz,2,25.14,23.414
2021,17,stroll,2,23.641,23.455
2021,17,tsunoda,2,23.6655,23.529
2021,17,vettel,2,24.413,23.849
2021,18,alonso,1,23.985,23.985
2021,18,bottas,4,25.8125,22.463
2021,18,gasly,1,22.549,22.549
2021,18,giovinazzi,1,22.205,22.205
2021,18,hamilton,1,22.373,22.373
2021,18,latifi,2,23.21,22.739
2021,18,leclerc,1,22.085,22.085
2021,18,max_verstappen,1,21.908,21.908
2021,18,mazepin,2,24.3655,23.637
2021,18,norris,1,22.534,22.534
2021,18,ocon,1,23.1,23.1
2021,18,perez,1,22.114,22.114
2021,18,raikkonen,1,22.424,22.424
2021,18,ricciardo,2,30.4705,22.813
2021,18,russell,1,21.984,21.984
2021,18,sainz,1,22.031,22.031
2021,18,stroll,2,24.820999999999998,23.586
2021,18,vettel,1,22.277,22.277
2021,19,alonso,3,19.94366666666667,17.705
2021,19,bottas,4,20.46375,17.837
2021,19,gasly,4,21.0505,18.608
2021,19,giovinazzi,4,20.5225,17.713
2021,19,hamilton,4,20.481,17.91
2021,19,latifi,4,20.707749999999997,18.153
2021,19,leclerc,4,20.361250000000002,17.771
2021,19,max_verstappen,4,20.30275,17.807
2021,19,mazepin,3,20.002666666666666,17.995
2021,19,mick_schumacher,5,25.569200000000002,17.861
2021,19,norris,5,21.2184,17.673
2021,19,ocon,3,20.202333333333332,17.818
2021,19,perez,5,21.0362,18.136
2021,19,raikkonen,4,20.82425,18.327
2021,19,ricciardo,3,20.306,18.347
2021,19,russell,4,21.283250000000002,18.179
2021,19,sainz,4,20.72475,18.373
2021,19,stroll,3,20.293333333333333,17.935
2021,19,tsunoda,5,24.264599999999998,17.711
2021,19,vettel,4,20.86125,17.896
2021,20,alonso,1,25.991,25.991
2021,20,bottas,1,36.341,36.341
2021,20,gasly,2,25.869500000000002,25.63
2021,20,giovinazzi,2,25.667,25.347
2021,20,hamilton,2,25.308,25.235
2021,20,latifi,1,25.811,25.811
2021,20,leclerc,1,25.799,25.799
2021,20,max_verstappen,3,25.313333333333333,25.175
2021,20,mazepin,1,26.515,26.515
2021,20,mick_schumacher,1,25.881,25.881
2021,20,norris,2,25.935499999999998,25.319
2021,20,ocon,1,25.517,25.517
2021,20,perez,2,25.4195,25.419
2021,20,raikkonen,2,25.9035,25.633
2021,20,ricciardo,1,25.562,25.562
2021,20,russell,2,30.563499999999998,26.121
2021,20,sainz,1,25.639,25.639
2021,20,stroll,1,26.157,26.157
2021,20,tsunoda,2,26.1665,25.659
2021,20,vettel,1,25.726,25.726
2021,21,alonso,4,20.751,20.405
2021,21,bottas,3,21.668,21.668
2021,21,gasly,2,,
2021,21,giovinazzi,2,,
2021,21,hamilton,3,20.58,20.58
2021,21,latifi,3,24.22,24.22
2021,21,leclerc,3,20.531,20.531
2021,21,max_verstappen,2,,
2021,21,mazepin,1,,
2021,21,norris,3,20.973,20.973
2021,21,ocon,2,,
2021,21,perez,2,20.71,20.71
2021,21,raikkonen,3,34.489,34.489
2021,21,ricciardo,2,,
2021,21,russell,2,20.519,20.519
2021,21,sainz,2,,
2021,21,stroll,3,27.165,27.165
2021,21,tsunoda,3,27.874,27.874
2021,21,vettel,2,,
2021,22,alonso,1,21.304,21.304
2021,22,bottas,1,21.669,21.669
2021,22,gasly,2,22.0265,21.92
2021,22,giovinazzi,1,22.283,22.283
2021,22,hamilton,1,21.595,21.595
2021,22,latifi,1,21.241,21.241
2021,22,leclerc,2,21.817,21.173
2021,22,max_verstappen,3,21.492,21.152
2021,22,mick_schumacher,2,22.097,22.07
2021,22,norris,2,21.7765,21.38
2021,22,ocon,1,21.677,21.677
2021,22,perez,3,21.423000000000002,21.385
2021,22,raikkonen,1,22.338,22.338
2021,22,ricciardo,2,21.7525,21.449
2021,22,sainz,1,22.213,22.213
2021,22,stroll,2,22.4745,22.288
2021,22,tsunoda,2,22.182,21.909
2021,22,vettel,1,21.221,21.221
2022,1,albon,3,25.16633333333333,24.874
2022,1,alonso,3,24.927333333333333,24.508
2022,1,bottas,3,25.412333333333333,25.156
2022,1,gasly,2,25.225,24.575
2022,1,hamilton,3,25.525333333333332,25.201
2022,1,hulkenberg,3,26.608333333333334,25.748
2022,1,kevin_magnussen,3,25.801666666666666,25.478
2022,1,latifi,3,24.631,24.457
2022,1,leclerc,3,24.717333333333332,24.527
2022,1,max_verstappen,3,24.745333333333335,24.402
2022,1,mick_schumacher,2,25.4,25.214
2022,1,norris,3,25.636666666666667,24.568
2022,1,ocon,3,26.703333333333333,24.233
2022,1,perez,3,24.721999999999998,24.173
2022,1,ricciardo,3,24.979666666666663,24.885
2022,1,russell,3,25.59866666666667,25.334
2022,1,sainz,3,24.463666666666665,24.287
2022,1,stroll,3,25.911666666666665,25.039
2022,1,tsunoda,3,24.877666666666666,24.188
2022,1,zhou,3,26.455333333333332,25.291
2022,2,albon,1,20.683,20.683
2022,2,alonso,1,21.543,21.543
2022,2,bottas,2,22.6355,22.561
2022,2,gasly,1,22.82,22.82
2022,2,hamilton,1,21.788,21.788
2022,2,hulkenberg,1,21.425,21.425
2022,2,kevin_magnussen,1,22.374,22.374
2022,2,leclerc,1,21.038,21.038
2022,2,max_verstappen,1,20.731,20.731
2022,2,norris,1,20.383,20.383
2022,2,ocon,1,21.141,21.141
2022,2,perez,1,20.481,20.481
2022,2,ricciardo,1,20.65,20.65
2022,2,russell,1,21.415,21.415
2022,2,sainz,1,21.521,21.521
2022,2,stroll,1,22.339,22.339
2022,2,zhou,2,24.4185,15.103
2022,3,albon,1,19.845,19.845
2022,3,alonso,2,18.595,18.394
2022,3,bottas,1,18.413,18.413
2022,3,gasly,1,18.926,18.926
2022,3,hamilton,1,17.877,17.877
2022,3,kevin_magnussen,1,19.111,19.111
2022,3,latifi,2,18.244,17.936
2022,3,leclerc,1,17.973,17.973
2022,3,max_verstappen,1,18.281,18.281
2022,3,mick_schumacher,1,19.039,19.039
2022,3,norris,1,17.556,17.556
2022,3,ocon,1,19.128,19.128
2022,3,perez,1,17.434,17.434
2022,3,ricciardo,1,18.15,18.15
2022,3,russell,1,18.479,18.479
2022,3,stroll,3,19.068,18.242
2022,3,tsunoda,1,18.443,18.443
2022,3,zhou,1,18.38,18.38
2022,4,albon,1,30.793,30.793
2022,4,bottas,1,40.957,40.957
2022,4,gasly,1,30.405,30.405
2022,4,hamilton,1,32.74,32.74
2022,4,kevin_magnussen,1,33.765,33.765
2022,4,latifi,1,31.125,31.125
2022,4,leclerc,3,32.79866666666667,30.042
2022,4,max_verstappen,2,29.9715,29.942
2022,4,mick_schumacher,2,31.152,30.984
2022,4,norris,1,30.07,30.07
2022,4,ocon,1,31.409,31.409
2022,4,perez,2,29.996499999999997,29.627
2022,4,ricciardo,3,30.97966666666667,30.155
2022,4,russell,1,31.079,31.079
2022,4,stroll,1,32.667,32.667
2022,4,tsunoda,1,30.372,30.372
2022,4,vettel,1,30.484,30.484
2022,4,zhou,1,32.203,32.203
2022,5,albon,1,20.059,20.059
2022,5,alonso,1,21.638,21.638
2022,5,bottas,1,19.614,19.614
2022,5,gasly,2,19.275,19.007
2022,5,hamilton,1,18.82,18.82
2022,5,kevin_magnussen,2,20.2165,19.76
2022,5,latifi,1,19.185,19.185
2022,5,leclerc,1,19.697,19.697
2022,5,max_verstappen,1,18.798,18.798
2022,5,mick_schumacher,2,26.397,20.413
2022,5,norris,1,19.986,19.986
2022,5,ocon,1,19.019,19.019
2022,5,perez,2,18.476,18.433
2022,5,ricciardo,2,19.382,19.28
2022,5,russell,1,19.035,19.035
2022,5,sainz,1,22.063,22.063
2022,5,stroll,1,19.074,19.074
2022,5,tsunoda,2,19.244,18.87
2022,5,vettel,1,19.861,19.861
2022,6,albon,4,23.201999999999998,22.657
2022,6,alonso,3,23.232,21.914
2022,6,bottas,2,22.764,22.541
2022,6,gasly,3,23.931,21.838
2022,6,hamilton,3,25.133333333333336,22.105
2022,6,kevin_magnussen,2,26.755000000000003,23.878
2022,6,latifi,3,22.753666666666664,22.311
2022,6,leclerc,1,21.794,21.794
2022,6,max_verstappen,3,22.026666666666667,21.941
2022,6,mick_schumacher,2,23.3545,23.127
2022,6,norris,3,22.474,21.916
2022,6,ocon,3,22.374333333333336,22.033
2022,6,perez,3,21.781666666666666,21.619
2022,6,ricciardo,3,22.225666666666665,22.124
2022,6,russell,3,22.336000000000002,22.039
2022,6,sainz,3,22.17,21.867
2022,6,stroll,3,23.346333333333334,22.833
2022,6,tsunoda,3,22.733666666666664,22.316
2022,6,vettel,2,22.496000000000002,22.456
2022,6,zhou,1,23.109,23.109
2022,7,albon,3,29.3745,27.231
2022,7,alonso,2,24.526,24.526
2022,7,bottas,2,25.865,25.865
2022,7,gasly,3,32.128,28.77
2022,7,hamilton,3,24.6515,24.507
2022,7,latifi,4,33.34466666666667,26.91
2022,7,leclerc,3,26.872,25.71
2022,7,max_verstappen,3,26.9695,26.93
2022,7,mick_schumacher,2,32.2455,27.637
2022,7,norris,4,24.746333333333336,24.607
2022,7,ocon,2,24.875,24.875
2022,7,perez,3,24.4725,24.409
2022,7,ricciardo,2,26.056,26.056
2022,7,russell,2,25.352,25.352
2022,7,sainz,2,24.666,24.666
2022,7,stroll,4,28.377,25.65
2022,7,tsunoda,4,25.451666666666668,25.068
2022,7,vettel,3,25.049,24.965
2022,7,zhou,2,25.594,25.594
2022,8,albon,2,23.558500000000002,21.54
2022,8,alonso,1,20.571,20.571
2022,8,bottas,1,20.979,20.979
2022,8,gasly,1,22.698,22.698
2022,8,hamilton,2,21.1505,20.831
2022,8,kevin_magnussen,1,21.555,21.555
2022,8,latifi,2,25.732,22.069
2022,8,leclerc,1,23.212,23.212
2022,8,max_verstappen,2,21.095,20.722
2022,8,mick_schumacher,2,24.602,22.231
2022,8,norris,1,21.443,21.443
2022,8,ocon,1,22.638,22.638
2022,8,perez,2,22.864,22.349
2022,8,ricciardo,1,21.794,21.794
2022,8,russell,2,20.5325,20.527
2022,8,stroll,1,22.059,22.059
2022,8,tsunoda,2,32.2915,23.083
2022,8,vettel,1,20.249,20.249
2022,8,zhou,1,23.001,23.001
2022,9,albon,2,23.667,23.53
2022,9,alonso,2,24.459,23.779
2022,9,bottas,1,26.089,26.089
2022,9,gasly,2,23.585,23.557
2022,9,hamilton,2,23.843,23.841
2022,9,kevin_magnussen,1,38.262,38.262
2022,9,latifi,2,27.027,24.02
2022,9,leclerc,1,26.199,26.199
2022,9,max_verstappen,2,23.9605,23.704
2022,9,norris,2,33.583,24.134
2022,9,ocon,2,24.814500000000002,23.945
2022,9,ricciardo,2,26.384999999999998,24.833
2022,9,russell,2,24.009999999999998,23.951
2022,9,sainz,2,24.548000000000002,24.215
2022,9,stroll,1,25.252,25.252
2022,9,tsunoda,2,23.349,23.248
2022,9,vettel,2,23.5435,23.406
2022,9,zhou,2,24.130499999999998,23.98
2022,10,alonso,3,28.787,28.733
2022,10,bottas,1,,
2022,10,gasly,2,29.632,29.632
2022,10,hamilton,3,29.4165,28.996
2022,10,kevin_magnussen,2,29.473,29.473
2022,10,latifi,3,28.633499999999998,28.438
2022,10,leclerc,2,28.805,28.805
2022,10,max_verstappen,4,29.133333333333336,28.709
2022,10,mick_schumacher,3,29.9895,29.147
2022,10,norris,3,28.802999999999997,28.659
2022,10,ocon,2,30.342,30.342
2022,10,perez,3,32.7285,28.155
2022,10,ricciardo,4,30.06866666666667,29.345
2022,10,sainz,3,28.5045,28.435
2022,10,stroll,3,29.206000000000003,28.632
2022,10,tsunoda,3,32.1035,29.448
2022,10,vettel,3,29.192999999999998,28.54
2022,11,albon,2,22.2115,22.122
2022,11,alonso,3,22.543666666666667,21.552
2022,11,bottas,2,23.4775,22.278
2022,11,gasly,2,25.167,22.724
2022,11,hamilton,2,22.8615,22.697
2022,11,kevin_magnussen,2,22.1465,22.088
2022,11,latifi,2,21.464,21.206
2022,11,leclerc,3,21.500333333333334,21.319
2022,11,max_verstappen,3,21.595,21.319
2022,11,mick_schumacher,2,22.5,22.12
2022,11,norris,2,25.004,22.684
2022,11,ocon,2,21.932000000000002,21.755
2022,11,perez,1,23.681,23.681
2022,11,ricciardo,2,21.622500000000002,21.356
2022,11,russell,2,29.966,21.731
2022,11,sainz,2,21.352,21.212
2022,11,stroll,2,21.6915,21.431
2022,11,tsunoda,2,21.634,21.519
2022,11,vettel,2,21.847499999999997,21.583
2022,11,zhou,2,25.782,22.704
2022,12,albon,1,37.38,37.38
2022,12,alonso,1,36.524,36.524
2022,12,bottas,2,37.1875,36.52
2022,12,gasly,1,35.969,35.969
2022,12,hamilton,1,37.189,37.189
2022,12,kevin_magnussen,2,36.591,36.403
2022,12,latifi,2,37.2195,36.942
2022,12,max_verstappen,1,35.266,35.266
2022,12,mick_schumacher,2,36.8535,36.704
2022,12,norris,1,37.539,37.539
2022,12,ocon,1,44.747,44.747
2022,12,perez,1,38.061,38.061
2022,12,ricciardo,1,36.264,36.264
2022,12,russell,1,38.277,38.277
2022,12,sainz,2,41.875,41.458
2022,12,stroll,1,39.844,39.844
2022,12,tsunoda,1,37.648,37.648
2022,12,vettel,1,36.671,36.671
2022,12,zhou,2,43.617000000000004,36.444
2022,13,albon,3,25.77933333333333,21.816
2022,13,alonso,1,22.083,22.083
2022,13,bottas,1,22.272,22.272
2022,13,gasly,2,21.582,21.489
2022,13,hamilton,2,21.897,21.699
2022,13,kevin_magnussen,3,25.332666666666665,23.147
2022,13,latifi,3,24.364666666666665,21.865
2022,13,leclerc,3,21.763666666666666,21.544
2022,13,max_verstappen,2,21.2895,21.228
2022,13,mick_schumacher,2,22.7595,22.566
2022,13,norris,2,22.711,21.855
2022,13,ocon,1,23.581,23.581
2022,13,perez,2,21.1425,21.118
2022,13,ricciardo,2,21.5395,21.521
2022,13,russell,2,22.253,21.743
2022,13,sainz,2,23.137999999999998,22.82
2022,13,stroll,2,21.697,21.615
2022,13,tsunoda,3,21.907,21.577
2022,13,vettel,2,23.216,21.402
2022,13,zhou,2,25.2695,22.321
2022,14,albon,2,23.874499999999998,23.334
2022,14,alonso,2,23.2975,22.641
2022,14,gasly,2,22.6995,22.542
2022,14,kevin_magnussen,2,25.1055,23.396
2022,14,latifi,3,27.802333333333337,23.414
2022,14,leclerc,3,23.573666666666668,23.189
2022,14,max_verstappen,2,22.602,22.322
2022,14,mick_schumacher,2,24.57,24.158
2022,14,norris,2,23.298000000000002,23.036
2022,14,ocon,2,23.500999999999998,23.491
2022,14,perez,2,22.499499999999998,22.349
2022,14,ricciardo,2,23.1155,23.085
2022,14,russell,2,22.901,22.825
2022,14,sainz,2,22.6465,22.543
2022,14,stroll,2,23.451999999999998,23.349
2022,14,tsunoda,2,27.154,24.253
2022,14,vettel,2,23.0275,22.833
2022,14,zhou,2,23.554000000000002,23.364
2022,15,albon,4,18.4645,14.114
2022,15,alonso,3,18.947,15.762
2022,15,bottas,2,20.395,19.741
2022,15,gasly,4,17.5085,13.973
2022,15,hamilton,3,17.455000000000002,14.155
2022,15,kevin_magnussen,4,20.58325,14.175
2022,15,latifi,4,18.88175,14.459
2022,15,leclerc,4,17.936999999999998,14.008
2022,15,max_verstappen,4,18.253,14.113
2022,15,mick_schumacher,4,20.7635,14.144
2022,15,norris,3,20.561333333333334,19.303
2022,15,ocon,3,18.366,14.041
2022,15,perez,4,17.734,14.113
2022,15,ricciardo,5,18.7238,14.493
2022,15,russell,3,20.488,19.359
2022,15,sainz,3,23.453999999999997,19.493
2022,15,stroll,4,18.4195,14.118
2022,15,tsunoda,3,30.250333333333334,18.774
2022,15,vettel,4,18.651249999999997,14.349
2022,15,zhou,4,19.82425,14.128
2022,16,bottas,1,24.758,24.758
2022,16,de_vries,1,24.628,24.628
2022,16,gasly,1,25.376,25.376
2022,16,hamilton,1,24.282,24.282
2022,16,kevin_magnussen,2,27.505000000000003,24.846
2022,16,latifi,2,25.5225,24.263
2022,16,leclerc,3,23.718,23.531
2022,16,max_verstappen,2,23.941000000000003,23.791
2022,16,mick_schumacher,1,24.817,24.817
2022,16,norris,2,25.749,24.784
2022,16,ocon,1,24.336,24.336
2022,16,perez,2,23.4985,23.299
2022,16,ricciardo,1,25.164,25.164
2022,16,russell,2,24.5945,24.114
2022,16,sainz,2,24.1265,23.728
2022,16,stroll,1,24.254,24.254
2022,16,tsunoda,2,23.9565,23.904
2022,16,zhou,1,25.366,25.366
2022,17,bottas,1,32.167,32.167
2022,17,gasly,1,29.867,29.867
2022,17,hamilton,1,41.019,41.019
2022,17,kevin_magnussen,2,35.925,32.603
2022,17,leclerc,1,32.058,32.058
2022,17,max_verstappen,2,29.591,29.407
2022,17,mick_schumacher,2,32.9615,31.201
2022,17,norris,1,30.528,30.528
2022,17,perez,1,29.55,29.55
2022,17,ricciardo,1,30.946,30.946
2022,17,russell,4,30.79875,29.713
2022,17,sainz,1,30.603,30.603
2022,17,stroll,1,29.863,29.863
2022,17,tsunoda,1,31.293,31.293
2022,17,vettel,1,29.704,29.704
2022,18,alonso,3,24.1145,24.106
2022,18,bottas,2,24.869,24.869
2022,18,gasly,4,30.08366666666667,23.966
2022,18,hamilton,2,25.059,25.059
2022,18,kevin_magnussen,2,25.594,25.594
2022,18,latifi,2,24.785,24.785
2022,18,leclerc,2,25.899,25.899
2022,18,max_verstappen,2,24.308,24.308
2022,18,mick_schumacher,2,24.608,24.608
2022,18,norris,2,24.595,24.595
2022,18,ocon,2,25.172,25.172
2022,18,perez,2,25.322,25.322
2022,18,ricciardo,2,25.377,25.377
2022,18,russell,2,28.728,28.728
2022,18,stroll,3,23.9375,23.87
2022,18,tsunoda,3,24.0975,23.756
2022,18,vettel,2,24.218,24.218
2022,18,zhou,3,24.414499999999997,24.266
2022,19,albon,2,24.4675,24.311
2022,19,alonso,2,31.7885,23.87
2022,19,bottas,1,25.013,25.013
2022,19,gasly,2,26.294,23.67
2022,19,hamilton,2,24.2485,24.135
2022,19,kevin_magnussen,1,29.039,29.039
2022,19,latifi,2,24.758000000000003,24.195
2022,19,leclerc,2,24.0345,23.755
2022,19,max_verstappen,2,28.06,23.866
2022,19,mick_schumacher,2,24.93,24.651
2022,19,norris,2,23.864,23.702
2022,19,ocon,2,24.7635,24.711
2022,19,perez,2,24.101999999999997,23.403
2022,19,ricciardo,2,25.320999999999998,24.436
2022,19,russell,3,26.164666666666665,23.947
2022,19,stroll,1,25.417,25.417
2022,19,tsunoda,2,23.4645,23.241
2022,19,vettel,2,31.232,24.307
2022,19,zhou,2,26.1705,25.015
2022,20,albon,1,23.182,23.182
2022,20,alonso,1,23.159,23.159
2022,20,bottas,1,23.863,23.863
2022,20,gasly,1,29.168,29.168
2022,20,hamilton,1,23.194,23.194
2022,20,kevin_magnussen,1,23.722,23.722
2022,20,latifi,2,23.9325,23.826
2022,20,leclerc,1,22.193,22.193
2022,20,max_verstappen,1,22.487,22.487
2022,20,mick_schumacher,1,23.679,23.679
2022,20,norris,1,22.585,22.585
2022,20,ocon,1,22.343,22.343
2022,20,perez,1,24.892,24.892
2022,20,ricciardo,1,22.28,22.28
2022,20,russell,2,22.9565,22.795
2022,20,sainz,1,23.469,23.469
2022,20,stroll,2,23.314,23.119
2022,20,tsunoda,1,22.468,22.468
2022,20,vettel,1,22.534,22.534
2022,20,zhou,1,24.218,24.218
2022,21,albon,3,23.67833333333333,23.322
2022,21,alonso,3,25.374333333333336,23.478
2022,21,bottas,2,24.262,23.908
2022,21,gasly,3,23.265666666666664,23.009
2022,21,hamilton,2,23.747999999999998,23.415
2022,21,latifi,3,25.579666666666668,23.64
2022,21,leclerc,3,25.45866666666667,23.124
2022,21,max_verstappen,3,28.908666666666665,24.102
2022,21,mick_schumacher,2,24.8215,24.487
2022,21,norris,2,27.003500000000003,24.669
2022,21,ocon,2,24.1565,23.868
2022,21,perez,2,23.0105,22.869
2022,21,russell,2,23.500500000000002,23.48
2022,21,sainz,3,24.168333333333333,23.483
2022,21,stroll,2,23.616500000000002,23.469
2022,21,tsunoda,3,23.522333333333336,23.287
2022,21,vettel,2,24.137999999999998,24.028
2022,21,zhou,2,24.7215,24.332
2022,22,albon,2,21.795499999999997,21.793
2022,22,alonso,1,21.74,21.74
2022,22,bottas,1,22.573,22.573
2022,22,gasly,1,21.855,21.855
2022,22,hamilton,1,21.27,21.27
2022,22,kevin_magnussen,1,22.387,22.387
2022,22,latifi,2,23.798499999999997,22.423
2022,22,leclerc,1,22.21,22.21
2022,22,max_verstappen,1,22.735,22.735
2022,22,mick_schumacher,2,22.903,22.276
2022,22,norris,2,21.896500000000003,21.559
2022,22,ocon,2,21.814500000000002,21.734
2022,22,perez,2,21.363500000000002,21.36
2022,22,ricciardo,1,21.893,21.893
2022,22,russell,2,26.087,24.243
2022,22,sainz,2,21.752499999999998,21.575
2022,22,stroll,2,21.808,21.802
2022,22,tsunoda,2,21.9265,21.591
2022,22,vettel,1,23.186,23.186
2022,22,zhou,2,22.796999999999997,22.435
2023,1,albon,3,24.810666666666666,24.458
2023,1,alonso,2,25.3345,24.869
2023,1,bottas,2,25.521,25.399
2023,1,de_vries,2,25.126,25.018
2023,1,gasly,3,25.166666666666668,24.736
2023,1,hamilton,2,24.686,24.682
2023,1,hulkenberg,3,30.308000000000003,26.075
2023,1,kevin_magnussen,3,25.302666666666667,25.125
2023,1,leclerc,2,24.4945,24.345
2023,1,max_verstappen,2,24.5995,24.289
2023,1,norris,6,32.55566666666667,30.71
2023,1,ocon,3,36.982,24.966
2023,1,perez,2,24.677500000000002,24.264
2023,1,russell,2,25.734,24.406
2023,1,sainz,2,24.363500000000002,24.227
2023,1,sargeant,3,25.439000000000004,25.047
2023,1,stroll,2,25.044,24.639
2023,1,tsunoda,3,25.15233333333333,24.372
2023,1,zhou,3,27.078666666666667,25.282
2023,2,albon,1,21.397,21.397
2023,2,alonso,1,26.879,26.879
2023,2,bottas,3,21.834666666666664,21.505
2023,2,de_vries,1,21.116,21.116
2023,2,gasly,1,20.719,20.719
2023,2,hamilton,1,21.102,21.102
2023,2,hulkenberg,1,21.567,21.567
2023,2,kevin_magnussen,1,20.87,20.87
2023,2,leclerc,1,20.026,20.026
2023,2,max_verstappen,1,20.824,20.824
2023,2,norris,2,25.398,21.352
2023,2,ocon,1,20.762,20.762
2023,2,perez,1,20.715,20.715
2023,2,piastri,1,31.534,31.534
2023,2,russell,1,20.828,20.828
2023,2,sainz,1,20.76,20.76
2023,2,sargeant,1,21.064,21.064
2023,2,stroll,1,21.15,21.15
2023,2,tsunoda,1,21.414,21.414
2023,2,zhou,2,21.4925,21.282
2023,3,alonso,3,,
2023,3,bottas,6,20.741999999999997,19.825
2023,3,de_vries,4,18.08,18.08
2023,3,gasly,2,,
2023,3,hamilton,3,,
2023,3,hulkenberg,3,,
2023,3,kevin_magnussen,2,20.789,20.789
2023,3,max_verstappen,3,,
2023,3,norris,3,,
2023,3,ocon,3,18.056,18.056
2023,3,perez,5,17.735500000000002,17.657
2023,3,piastri,4,19.442,19.442
2023,3,russell,2,19.146,19.146
2023,3,sainz,4,18.319,18.319
2023,3,sargeant,6,18.852666666666668,18.382
2023,3,stroll,3,,
2023,3,tsunoda,4,18.258,18.258
2023,3,zhou,5,20.416,18.951
2023,4,albon,1,21.103,21.103
2023,4,alonso,1,23.148,23.148
2023,4,bottas,3,21.444333333333333,20.967
2023,4,gasly,2,20.701999999999998,20.235
2023,4,hamilton,1,20.324,20.324
2023,4,hulkenberg,1,24.748,24.748
2023,4,kevin_magnussen,1,30.951,30.951
2023,4,leclerc,1,21.126,21.126
2023,4,max_verstappen,1,20.707,20.707
2023,4,norris,1,20.346,20.346
2023,4,ocon,1,20.367,20.367
2023,4,perez,1,20.389,20.389
2023,4,piastri,1,20.902,20.902
2023,4,russell,2,20.924,20.459
2023,4,sainz,1,21.97,21.97
2023,4,sargeant,1,21.015,21.015
2023,4,stroll,1,23.161,23.161
2023,4,tsunoda,1,20.497,20.497
2023,4,zhou,1,22.247,22.247
2023,5,albon,1,22.482,22.482
2023,5,alonso,1,22.631,22.631
2023,5,bottas,1,23.158,23.158
2023,5,de_vries,1,23.487,23.487
2023,5,gasly,1,22.417,22.417
2023,5,hamilton,1,22.15,22.15
2023,5,hulkenberg,1,23.12,23.12
2023,5,kevin_magnussen,1,22.616,22.616
2023,5,leclerc,1,22.068,22.068
2023,5,max_verstappen,1,22.688,22.688
2023,5,norris,1,24.09,24.09
2023,5,ocon,1,21.942,21.942
2023,5,perez,1,21.884,21.884
2023,5,piastri,1,22.205,22.205
2023,5,russell,1,22.335,22.335
2023,5,sainz,1,22.278,22.278
2023,5,sargeant,1,48.938,48.938
2023,5,stroll,1,22.651,22.651
2023,5,tsunoda,1,22.39,22.39
2023,5,zhou,1,22.796,22.796
2023,6,albon,2,25.64,24.29
2023,6,alonso,2,25.165,24.414
2023,6,bottas,1,30.395,30.395
2023,6,de_vries,1,24.539,24.539
2023,6,gasly,2,26.9255,23.902
2023,6,hamilton,2,25.639499999999998,24.594
2023,6,hulkenberg,3,30.96366666666667,25.672
2023,6,kevin_magnussen,1,51.052,51.052
2023,6,leclerc,2,24.9525,24.192
2023,6,max_verstappen,1,24.798,24.798
2023,6,norris,2,29.045499999999997,24.663
2023,6,ocon,2,25.27,24.707
2023,6,perez,5,27.331200000000003,24.217
2023,6,piastri,1,25.851,25.851
2023,6,russell,1,30.98,30.98
2023,6,sainz,2,26.776,24.252
2023,6,sargeant,3,26.032,24.376
2023,6,stroll,1,24.656,24.656
2023,6,tsunoda,1,33.706,33.706
2023,6,zhou,2,25.700499999999998,25.26
2023,7,albon,2,23.384,23.319
2023,7,alonso,2,22.727,22.558
2023,7,bottas,2,23.894,23.691
2023,7,de_vries,2,22.249,21.976
2023,7,gasly,2,23.499000000000002,23.388
2023,7,hamilton,2,22.653,22.575
2023,7,hulkenberg,3,23.346333333333334,22.298
2023,7,kevin_magnussen,3,23.07166666666667,22.124
2023,7,leclerc,2,22.3905,21.778
2023,7,max_verstappen,2,22.299,22.241
2023,7,norris,3,27.549333333333333,22.062
2023,7,ocon,2,23.110999999999997,22.112
2023,7,perez,2,21.656,21.537
2023,7,piastri,2,22.616,22.37
2023,7,russell,2,22.164499999999997,22.054
2023,7,sainz,2,22.348,22.321
2023,7,sargeant,2,23.205,22.583
2023,7,stroll,2,22.863,22.355
2023,7,tsunoda,2,22.0925,22.009
2023,7,zhou,2,23.1595,22.889
2023,8,albon,1,25.064,25.064
2023,8,alonso,2,23.9795,23.928
2023,8,bottas,1,24.038,24.038
2023,8,de_vries,2,24.373,23.786
2023,8,gasly,2,25.816000000000003,24.117
2023,8,hamilton,2,24.043999999999997,23.749
2023,8,hulkenberg,2,24.54,24.2
2023,8,kevin_magnussen,2,24.712,24.515
2023,8,leclerc,1,24.343,24.343
2023,8,max_verstappen,2,23.777,23.644
2023,8,norris,2,24.716,23.57
2023,8,ocon,2,24.05,23.698
2023,8,perez,2,23.249499999999998,23.218
2023,8,piastri,2,24.131999999999998,23.436
2023,8,russell,1,,
2023,8,sainz,1,24.133,24.133
2023,8,stroll,2,23.775,23.711
2023,8,tsunoda,2,25.5845,23.646
2023,8,zhou,2,25.835,24.161
2023,9,albon,3,21.994,16.737
2023,9,alonso,3,20.32133333333333,16.6
2023,9,bottas,3,23.63,17.13
2023,9,de_vries,3,19.813333333333333,17.033
2023,9,gasly,3,21.99933333333333,16.38
2023,9,hamilton,3,22.044,16.415
2023,9,hulkenberg,2,19.3345,16.778
2023,9,kevin_magnussen,3,24.830333333333332,22.25
2023,9,leclerc,3,20.429333333333332,16.393
2023,9,max_verstappen,4,20.17575,16.369
2023,9,norris,3,20.484666666666666,18.076
2023,9,ocon,3,23.532666666666668,18.143
2023,9,perez,3,20.116666666666667,17.428
2023,9,piastri,4,23.003999999999998,17.324
2023,9,russell,3,20.636666666666667,17.946
2023,9,sainz,3,23.748666666666665,16.38
2023,9,sargeant,3,20.691333333333333,17.337
2023,9,stroll,4,21.216250000000002,16.646
2023,9,tsunoda,4,23.65375,16.246
2023,9,zhou,3,21.250333333333334,17.467
2023,10,albon,1,29.634,29.634
2023,10,alonso,1,28.679,28.679
2023,10,bottas,1,29.662,29.662
2023,10,de_vries,2,28.3275,28.242
2023,10,gasly,1,28.458,28.458
2023,10,hamilton,1,29.169,29.169
2023,10,hulkenberg,2,35.9875,30.003
2023,10,leclerc,2,28.5245,28.244
2023,10,max_verstappen,1,29.056,29.056
2023,10,norris,1,28.438,28.438
2023,10,perez,1,28.06,28.06
2023,10,piastri,1,28.655,28.655
2023,10,russell,1,29.455,29.455
2023,10,sainz,1,28.869,28.869
2023,10,sargeant,1,28.847,28.847
2023,10,stroll,1,28.561,28.561
2023,10,tsunoda,2,28.478,28.353
2023,10,zhou,3,30.753333333333334,28.709
2023,11,albon,2,21.919,21.762
2023,11,alonso,2,23.534,22.916
2023,11,bottas,2,22.678,22.114
2023,11,hamilton,2,21.851,21.728
2023,11,hulkenberg,2,22.438499999999998,21.955
2023,11,kevin_magnussen,2,22.4525,22.152
2023,11,leclerc,2,24.928,21.452
2023,11,max_verstappen,2,21.5435,21.407
2023,11,norris,2,21.485500000000002,21.43
2023,11,perez,2,21.371,20.88
2023,11,piastri,2,21.6005,21.171
2023,11,ricciardo,2,22.0805,21.958
2023,11,russell,2,21.7805,21.675
2023,11,sainz,2,21.7265,21.402
2023,11,sargeant,2,23.099,22.197
2023,11,stroll,2,22.1565,21.91
2023,11,tsunoda,2,23.6755,21.181
2023,11,zhou,2,26.032,22.853
2023,12,albon,3,24.046666666666667,23.529
2023,12,alonso,2,23.441499999999998,23.085
2023,12,bottas,2,23.573999999999998,23.362
2023,12,gasly,1,25.664,25.664
2023,12,hamilton,3,23.08966666666667,23.023
2023,12,hulkenberg,2,24.9045,24.571
2023,12,kevin_magnussen,2,23.605,23.572
2023,12,leclerc,2,23.186,23.148
2023,12,max_verstappen,2,22.9495,22.887
2023,12,norris,2,24.378,23.744
2023,12,ocon,2,23.212,23.085
2023,12,perez,2,23.197000000000003,22.71
2023,12,ricciardo,2,23.066499999999998,22.843
2023,12,russell,1,23.837,23.837
2023,12,sainz,1,23.303,23.303
2023,12,sargeant,3,23.539,23.109
2023,12,stroll,1,25.397,25.397
2023,12,tsunoda,2,22.673499999999997,22.61
2023,12,zhou,2,24.247,24.045
2023,13,albon,4,26.733666666666668,19.667
2023,13,alonso,5,21.639499999999998,20.109
2023,13,bottas,5,23.16325,19.735
2023,13,gasly,5,23.452,19.518
2023,13,hamilton,5,20.0855,19.327
2023,13,hulkenberg,5,24.15425,19.713
2023,13,kevin_magnussen,6,25.240000000000002,20.137
2023,13,lawson,7,27.147000000000002,19.192
2023,13,leclerc,2,29.944000000000003,27.202
2023,13,max_verstappen,6,19.641,18.706
2023,13,norris,6,24.7172,18.878
2023,13,ocon,6,24.0972,19.024
2023,13,perez,6,24.820600000000002,18.789
2023,13,piastri,5,24.732,18.979
2023,13,russell,6,24.964,19.607
2023,13,sainz,5,19.93,19.398
2023,13,stroll,7,22.484166666666667,19.653
2023,13,tsunoda,5,26.682000000000002,18.904
2023,13,zhou,4,21.30675,20.231
2023,14,albon,1,24.538,24.538
2023,14,alonso,1,24.798,24.798
2023,14,bottas,1,24.658,24.658
2023,14,gasly,2,26.031,24.686
2023,14,hamilton,1,24.255,24.255
2023,14,hulkenberg,2,25.2115,24.328
2023,14,kevin_magnussen,2,24.7125,24.66
2023,14,lawson,2,24.246499999999997,24.212
2023,14,leclerc,1,23.931,23.931
2023,14,max_verstappen,1,24.228,24.228
2023,14,norris,1,23.727,23.727
2023,14,ocon,1,24.249,24.249
2023,14,perez,1,23.819,23.819
2023,14,piastri,2,27.966,24.133
2023,14,russell,1,24.215,24.215
2023,14,sainz,1,25.183,25.183
2023,14,sargeant,1,24.779,24.779
2023,14,stroll,1,25.667,25.667
2023,14,zhou,2,25.177500000000002,24.396
2023,15,albon,2,29.9625,29.787
2023,15,alonso,2,41.689,30.67
2023,15,bottas,1,30.487,30.487
2023,15,gasly,1,31.802,31.802
2023,15,hamilton,2,33.106,32.631
2023,15,hulkenberg,1,35.497,35.497
2023,15,kevin_magnussen,2,32.2765,31.475
2023,15,lawson,1,32.348,32.348
2023,15,leclerc,1,32.888,32.888
2023,15,max_verstappen,1,29.698,29.698
2023,15,norris,1,29.485,29.485
2023,15,ocon,1,29.755,29.755
2023,15,perez,1,28.977,28.977
2023,15,piastri,1,29.369,29.369
2023,15,russell,2,30.0075,29.976
2023,15,sainz,1,29.499,29.499
2023,15,sargeant,2,31.018,31.018
2023,15,zhou,2,30.3345,30.032
2023,16,albon,2,51.153999999999996,50.143
2023,16,alonso,2,24.189999999999998,24.086
2023,16,bottas,2,54.657,53.512
2023,16,gasly,2,24.569499999999998,24.488
2023,16,hamilton,2,24.236,23.631
2023,16,hulkenberg,3,23.506,23.338
2023,16,kevin_magnussen,2,23.837,23.816
2023,16,lawson,2,23.4035,23.136
2023,16,leclerc,2,23.0615,22.926
2023,16,max_verstappen,2,24.039,23.696
2023,16,norris,2,23.3525,23.182
2023,16,ocon,2,25.4225,23.789
2023,16,perez,4,34.86666666666667,30.651
2023,16,piastri,2,23.8265,23.198
2023,16,russell,1,24.034,24.034
2023,16,sainz,2,23.2245,23.075
2023,16,sargeant,3,37.255,32.715
2023,16,stroll,1,23.441,23.441
2023,16,tsunoda,2,23.1355,22.944
2023,16,zhou,3,29.74933333333333,24.091
2023,17,albon,3,28.993666666666666,28.747
2023,17,alonso,3,28.399333333333335,28.373
2023,17,bottas,3,29.436666666666667,28.946
2023,17,gasly,3,31.159000000000002,28.429
2023,17,hulkenberg,3,32.248,28.274
2023,17,kevin_magnussen,3,29.340666666666664,28.743
2023,17,lawson,3,28.721999999999998,28.171
2023,17,leclerc,3,27.871333333333336,27.513
2023,17,max_verstappen,3,28.68733333333333,28.103
2023,17,norris,3,27.807333333333332,27.611
2023,17,ocon,3,29.033,28.961
2023,17,perez,3,31.406333333333333,27.808
2023,17,piastri,3,28.077333333333332,27.489
2023,17,russell,4,31.18325,28.191
2023,17,sargeant,2,29.4045,29.373
2023,17,stroll,3,28.813666666666666,28.156
2023,17,tsunoda,3,27.72866666666667,27.596
2023,17,zhou,3,28.884333333333334,28.815
2023,18,albon,2,24.4585,24.354
2023,18,alonso,2,24.939,24.823
2023,18,bottas,2,24.9015,24.783
2023,18,gasly,2,24.39,23.9
2023,18,hamilton,2,24.782,24.648
2023,18,hulkenberg,2,25.4405,24.308
2023,18,kevin_magnussen,2,24.906,24.745
2023,18,leclerc,1,23.963,23.963
2023,18,max_verstappen,2,24.365000000000002,23.756
2023,18,norris,2,23.758000000000003,23.361
2023,18,perez,2,23.996000000000002,23.747
2023,18,ricciardo,2,25.4385,24.364
2023,18,russell,2,24.163,23.969
2023,18,sainz,2,23.670499999999997,23.668
2023,18,sargeant,2,25.2685,24.99
2023,18,stroll,2,24.206,23.955
2023,18,tsunoda,3,23.983666666666664,23.472
2023,18,zhou,2,25.176499999999997,24.717
2023,19,albon,2,23.68,23.68
2023,19,alonso,2,22.844,22.844
2023,19,bottas,2,23.638,23.638
2023,19,gasly,2,22.627,22.627
2023,19,hamilton,2,22.21,22.21
2023,19,hulkenberg,2,23.144,23.144
2023,19,kevin_magnussen,1,23.642,23.642
2023,19,leclerc,2,22.248,22.248
2023,19,max_verstappen,3,22.3995,22.372
2023,19,norris,3,22.985500000000002,22.563
2023,19,ocon,1,,
2023,19,piastri,2,23.734,23.734
2023,19,ricciardo,2,22.406,22.406
2023,19,russell,2,22.311,22.311
2023,19,sainz,2,22.067,22.067
2023,19,sargeant,2,23.945,23.945
2023,19,stroll,2,22.582,22.582
2023,19,tsunoda,2,30.121,30.121
2023,19,zhou,2,22.817,22.817
2023,20,alonso,4,22.173666666666666,18.487
2023,20,bottas,3,22.4045,20.732
2023,20,gasly,4,23.133666666666667,20.523
2023,20,hamilton,4,22.055333333333333,18.521
2023,20,hulkenberg,4,27.501,23.841
2023,20,max_verstappen,4,21.642,18.535
2023,20,norris,4,22.28533333333333,19.386
2023,20,ocon,5,23.56275,22.209
2023,20,perez,4,22.499,20.811
2023,20,piastri,4,28.454333333333334,23.338
2023,20,ricciardo,4,26.744333333333334,23.508
2023,20,russell,4,22.71366666666667,20.449
2023,20,sainz,4,23.430333333333333,23.03
2023,20,sargeant,4,25.325333333333333,24.137
2023,20,stroll,4,22.451999999999998,18.504
2023,20,tsunoda,4,23.845333333333333,20.969
2023,20,zhou,3,22.6045,21.256
2023,21,albon,1,21.242,21.242
2023,21,alonso,2,26.259,23.214
2023,21,bottas,2,32.7445,21.575
2023,21,gasly,1,22.262,22.262
2023,21,hamilton,2,23.7775,22.508
2023,21,hulkenberg,2,23.8035,22.154
2023,21,kevin_magnussen,2,21.7395,21.611
2023,21,leclerc,1,22.559,22.559
2023,21,max_verstappen,2,24.0045,21.323
2023,21,ocon,1,21.763,21.763
2023,21,perez,2,27.5835,21.568
2023,21,piastri,2,21.902,20.535
2023,21,ricciardo,1,22.242,22.242
2023,21,russell,2,21.6045,21.257
2023,21,sainz,2,21.9455,21.261
2023,21,sargeant,1,21.367,21.367
2023,21,stroll,2,22.396,22.222
2023,21,tsunoda,2,20.7565,20.619
2023,21,zhou,1,22.155,22.155
2023,22,albon,2,22.0445,21.919
2023,22,alonso,2,22.1515,21.841
2023,22,bottas,1,22.665,22.665
2023,22,gasly,2,23.2845,23.091
2023,22,hamilton,2,22.12,22.045
2023,22,hulkenberg,2,21.971,21.861
2023,22,kevin_magnussen,2,22.4635,22.163
2023,22,leclerc,2,21.5825,21.246
2023,22,max_verstappen,2,21.4685,21.275
2023,22,norris,2,22.746499999999997,21.432
2023,22,ocon,1,22.16,22.16
2023,22,perez,2,21.36,21.274
2023,22,piastri,2,21.426499999999997,21.156
2023,22,ricciardo,2,21.716,21.692
2023,22,russell,2,21.866999999999997,21.65
2023,22,sainz,2,21.3965,21.229
2023,22,sargeant,2,22.002,21.88
2023,22,stroll,2,21.7665,21.667
2023,22,tsunoda,1,21.486,21.486
2023,22,zhou,2,22.606,22.345
2024,1,albon,2,24.6455,24.61
2024,1,alonso,2,24.9475,24.786
2024,1,bottas,2,26.42,26.42
2024,1,gasly,3,27.227333333333334,25.24
2024,1,hamilton,2,24.5905,24.094
2024,1,hulkenberg,3,28.586333333333332,24.387
2024,1,kevin_magnussen,2,25.198500000000003,24.446
2024,1,leclerc,2,24.1025,24.069
2024,1,max_verstappen,2,24.636499999999998,24.209
2024,1,norris,2,24.455,24.205
2024,1,ocon,2,25.011,24.877
2024,1,perez,2,24.539499999999997,24.516
2024,1,piastri,2,25.151,24.852
2024,1,ricciardo,2,24.922,24.856
2024,1,russell,2,24.822,24.778
2024,1,sainz,2,24.17,23.866
2024,1,sargeant,3,28.715,25.07
2024,1,stroll,2,24.4815,24.418
2024,1,tsunoda,2,24.524,24.324
2024,1,zhou,2,25.151,25.094
2024,2,albon,1,21.723,21.723
2024,2,alonso,1,22.129,22.129
2024,2,bearman,1,22.457,22.457
2024,2,bottas,2,23.038,22.795
2024,2,hamilton,1,20.17,20.17
2024,2,hulkenberg,1,21.035,21.035
2024,2,kevin_magnussen,1,21.46,21.46
2024,2,leclerc,1,23.419,23.419
2024,2,max_verstappen,1,20.607,20.607
2024,2,norris,1,22.211,22.211
2024,2,ocon,1,22.502,22.502
2024,2,perez,1,22.196,22.196
2024,2,piastri,1,21.427,21.427
2024,2,ricciardo,1,,
2024,2,russell,1,21.013,21.013
2024,2,sargeant,1,23.645,23.645
2024,2,tsunoda,1,21.694,21.694
2024,2,zhou,1,46.381,46.381
2024,3,albon,2,17.75,17.745
2024,3,alonso,2,18.0775,17.995
2024,3,bottas,2,32.9535,18.938
2024,3,gasly,2,18.999,17.682
2024,3,hamilton,1,17.596,17.596
2024,3,hulkenberg,2,18.2325,18.145
2024,3,kevin_magnussen,2,18.226,18.151
2024,3,leclerc,2,17.3585,17.308
2024,3,norris,2,17.7145,17.653
2024,3,ocon,3,22.30666666666667,18.007
2024,3,perez,2,17.667,17.222
2024,3,piastri,2,18.053,17.573
2024,3,ricciardo,2,18.008000000000003,17.751
2024,3,russell,2,18.005,17.964
2024,3,sainz,2,17.6695,17.599
2024,3,stroll,2,17.939,17.901
2024,3,tsunoda,2,18.029,17.535
2024,3,zhou,2,27.948999999999998,19.032
2024,4,alonso,3,23.0775,22.998
2024,4,bottas,3,25.385,24.824
2024,4,gasly,3,23.473,23.102
2024,4,hamilton,3,23.6445,23.333
2024,4,hulkenberg,3,23.807499999999997,23.622
2024,4,kevin_magnussen,2,26.198,26.198
2024,4,leclerc,2,23.285,23.285
2024,4,max_verstappen,3,23.2055,23.177
2024,4,norris,3,23.1405,23.049
2024,4,ocon,3,23.7875,23.394
2024,4,perez,3,22.973,22.956
2024,4,piastri,3,23.134,22.848
2024,4,russell,3,23.284,22.991
2024,4,sainz,3,23.363500000000002,23.136
2024,4,sargeant,4,24.34566666666667,23.287
2024,4,stroll,4,23.169,22.911
2024,4,tsunoda,3,23.422,23.358
2024,4,zhou,3,25.2815,23.91
2024,5,albon,2,23.436500000000002,23.273
2024,5,alonso,3,22.971666666666664,22.687
2024,5,bottas,1,22.949,22.949
2024,5,gasly,3,28.845,22.836
2024,5,hamilton,2,22.59,22.518
2024,5,hulkenberg,2,23.17,23.004
2024,5,kevin_magnussen,2,24.3505,22.974
2024,5,leclerc,1,22.36,22.36
2024,5,max_verstappen,2,22.363,22.27
2024,5,norris,1,22.161,22.161
2024,5,ocon,2,23.182,23.156
2024,5,perez,2,22.198999999999998,22.027
2024,5,piastri,2,22.4675,22.262
2024,5,ricciardo,1,22.598,22.598
2024,5,russell,2,22.561,22.415
2024,5,sainz,1,22.629,22.629
2024,5,sargeant,2,22.9565,22.684
2024,5,stroll,4,27.170333333333332,22.911
2024,5,tsunoda,2,22.7735,22.387
2024,5,zhou,3,24.074666666666662,23.252
2024,6,albon,2,22.697499999999998,22.567
2024,6,alonso,1,22.374,22.374
2024,6,bottas,2,23.247500000000002,22.765
2024,6,gasly,1,22.466,22.466
2024,6,hamilton,1,22.107,22.107
2024,6,hulkenberg,2,22.771,22.487
2024,6,kevin_magnussen,3,27.908,23.265
2024,6,leclerc,1,21.825,21.825
2024,6,max_verstappen,1,22.187,22.187
2024,6,norris,1,22.041,22.041
2024,6,ocon,1,22.663,22.663
2024,6,perez,2,22.0455,21.695
2024,6,piastri,2,26.3125,22.216
2024,6,ricciardo,1,22.54,22.54
2024,6,russell,1,22.8,22.8
2024,6,sainz,1,22.805,22.805
2024,6,sargeant,1,22.611,22.611
2024,6,stroll,2,22.8345,22.631
2024,6,tsunoda,1,22.153,22.153
2024,6,zhou,1,23.017,23.017
2024,7,albon,4,33.19325,30.05
2024,7,alonso,3,30.593999999999998,29.931
2024,7,bottas,1,30.24,30.24
2024,7,gasly,2,30.3675,30.081
2024,7,hamilton,1,29.547,29.547
2024,7,hulkenberg,1,29.749,29.749
2024,7,kevin_magnussen,1,31.302,31.302
2024,7,leclerc,1,30.149,30.149
2024,7,max_verstappen,1,30.416,30.416
2024,7,norris,1,29.956,29.956
2024,7,ocon,1,30.659,30.659
2024,7,perez,1,29.669,29.669
2024,7,piastri,1,29.77,29.77
2024,7,ricciardo,1,30.068,30.068
2024,7,russell,2,29.634500000000003,29.605
2024,7,sainz,1,30.508,30.508
2024,7,sargeant,1,31.085,31.085
2024,7,stroll,1,29.971,29.971
2024,7,tsunoda,1,29.628,29.628
2024,7,zhou,1,30.244,30.244
2024,8,albon,1,,
2024,8,alonso,1,,
2024,8,bottas,2,24.239,24.239
2024,8,gasly,1,,
2024,8,hamilton,2,24.232,24.232
2024,8,leclerc,1,,
2024,8,max_verstappen,2,23.813,23.813
2024,8,norris,1,,
2024,8,piastri,1,,
2024,8,ricciardo,1,,
2024,8,russell,1,,
2024,8,sainz,1,,
2024,8,sargeant,2,24.384,24.384
2024,8,stroll,3,26.1715,24.132
2024,8,tsunoda,1,,
2024,8,zhou,2,24.367,24.367
2024,9,albon,2,24.7785,24.753
2024,9,alonso,2,25.067,24.346
2024,9,bottas,1,24.929,24.929
2024,9,gasly,2,24.6595,24.408
2024,9,hamilton,3,25.60166666666667,23.762
2024,9,hulkenberg,3,24.550666666666668,24.233
2024,9,kevin_magnussen,4,27.236,24.833
2024,9,leclerc,3,31.948666666666668,24.031
2024,9,max_verstappen,2,24.276,24.246
2024,9,norris,2,23.703,23.423
2024,9,ocon,1,24.495,24.495
2024,9,perez,2,29.0925,24.423
2024,9,piastri,2,23.7265,23.476
2024,9,ricciardo,2,27.079,23.86
2024,9,russell,3,25.877333333333336,24.044
2024,9,sainz,2,25.875500000000002,24.125
2024,9,stroll,2,24.6545,24.284
2024,9,tsunoda,1,25.569,25.569
2024,9,zhou,3,26.9865,25.598
2024,10,albon,2,22.57,21.892
2024,10,alonso,2,22.264000000000003,21.957
2024,10,bottas,2,22.8535,22.744
2024,10,gasly,2,23.892000000000003,21.687
2024,10,hamilton,2,21.7215,21.603
2024,10,hulkenberg,2,22.62,22.518
2024,10,kevin_magnussen,2,26.1635,23.36
2024,10,leclerc,2,21.942,21.624
2024,10,max_verstappen,2,21.942,21.544
2024,10,norris,2,22.124499999999998,21.618
2024,10,ocon,2,21.877499999999998,21.834
2024,10,perez,3,21.70566666666667,21.464
2024,10,piastri,2,22.322000000000003,22.224
2024,10,ricciardo,2,22.236,22.108
2024,10,russell,2,23.8615,22.7
2024,10,sainz,2,22.2215,22.194
2024,10,sargeant,2,22.4535,22.401
2024,10,stroll,2,22.630499999999998,21.88
2024,10,tsunoda,3,22.237333333333336,22.064
2024,10,zhou,2,23.387999999999998,22.523
2024,11,albon,2,21.785,21.692
2024,11,alonso,3,25.972333333333335,21.483
2024,11,bottas,2,21.9545,21.918
2024,11,gasly,2,21.737000000000002,21.431
2024,11,hamilton,2,24.421999999999997,21.563
2024,11,hulkenberg,2,22.0845,21.814
2024,11,kevin_magnussen,2,21.675,21.518
2024,11,leclerc,4,24.186999999999998,20.903
2024,11,max_verstappen,3,23.489666666666665,21.899
2024,11,norris,2,21.514000000000003,21.411
2024,11,ocon,2,21.761000000000003,21.231
2024,11,perez,2,24.3955,21.291
2024,11,piastri,2,20.8765,20.775
2024,11,ricciardo,2,21.2975,21.093
2024,11,russell,2,21.451,21.229
2024,11,sainz,2,21.2545,21.226
2024,11,sargeant,3,25.439000000000004,22.093
2024,11,stroll,2,21.3505,21.302
2024,11,tsunoda,2,22.347,21.25
2024,11,zhou,2,22.396,21.594
2024,12,albon,2,32.076,29.41
2024,12,alonso,2,29.5135,29.341
2024,12,bottas,2,31.0775,30.628
2024,12,hamilton,2,29.4835,28.929
2024,12,hulkenberg,2,29.8385,29.412
2024,12,kevin_magnussen,2,30.096,29.884
2024,12,leclerc,3,28.959999999999997,28.481
2024,12,max_verstappen,2,28.7205,28.365
2024,12,norris,2,29.524,28.661
2024,12,ocon,4,28.7865,28.276
2024,12,perez,4,29.71875,28.391
2024,12,piastri,2,29.3705,29.2
2024,12,ricciardo,2,29.374000000000002,28.875
2024,12,russell,1,32.045,32.045
2024,12,sainz,3,29.00066666666667,28.706
2024,12,sargeant,2,31.122500000000002,29.444
2024,12,stroll,2,29.246000000000002,29.023
2024,12,tsunoda,2,29.658,29.658
2024,12,zhou,4,30.306,29.125
2024,13,albon,2,22.750500000000002,22.091
2024,13,alonso,2,22.171,21.8
2024,13,bottas,2,22.0635,21.981
2024,13,gasly,1,21.405,21.405
2024,13,hamilton,2,21.608,21.306
2024,13,hulkenberg,2,22.3795,22.287
2024,13,kevin_magnussen,2,22.201,21.871
2024,13,leclerc,2,21.8085,21.723
2024,13,max_verstappen,2,21.7225,21.344
2024,13,norris,2,21.555,21.249
2024,13,ocon,3,21.534333333333333,21.33
2024,13,perez,2,21.2255,21.056
2024,13,piastri,2,21.732,21.641
2024,13,ricciardo,2,21.231,21.084
2024,13,russell,2,21.3485,21.328
2024,13,sainz,2,21.547,21.439
2024,13,sargeant,3,21.68766666666667,21.398
2024,13,stroll,2,22.7565,22.276
2024,13,tsunoda,1,21.467,21.467
2024,13,zhou,2,22.088,21.993
2024,14,albon,2,23.376,23.146
2024,14,alonso,1,23.075,23.075
2024,14,bottas,2,23.048000000000002,22.949
2024,14,gasly,2,22.872,22.844
2024,14,hamilton,2,22.945999999999998,22.704
2024,14,hulkenberg,2,23.415,23.268
2024,14,kevin_magnussen,1,23.619,23.619
2024,14,leclerc,2,23.136,22.942
2024,14,max_verstappen,2,23.0785,22.943
2024,14,norris,2,22.646,22.61
2024,14,ocon,2,23.456,23.366
2024,14,perez,3,22.657333333333337,22.632
2024,14,piastri,2,23.374000000000002,22.623
2024,14,ricciardo,2,22.485500000000002,22.328
2024,14,russell,1,22.686,22.686
2024,14,sainz,2,23.0845,23.08
2024,14,sargeant,2,23.515,23.338
2024,14,stroll,1,23.01,23.01
2024,14,tsunoda,1,23.452,23.452
2024,15,albon,2,21.137,21.016
2024,15,alonso,1,21.348,21.348
2024,15,bottas,2,21.183999999999997,21.095
2024,15,gasly,1,22.646,22.646
2024,15,hamilton,2,21.097,21.026
2024,15,hulkenberg,1,21.619,21.619
2024,15,kevin_magnussen,1,21.403,21.403
2024,15,leclerc,1,20.841,20.841
2024,15,max_verstappen,1,20.785,20.785
2024,15,norris,1,21.536,21.536
2024,15,ocon,1,21.015,21.015
2024,15,perez,1,22.934,22.934
2024,15,piastri,1,20.969,20.969
2024,15,ricciardo,1,20.942,20.942
2024,15,russell,2,21.502499999999998,21.159
2024,15,sainz,1,20.84,20.84
2024,15,sargeant,1,22.03,22.03
2024,15,stroll,1,21.385,21.385
2024,15,tsunoda,2,21.0645,20.88
2024,15,zhou,2,21.628999999999998,21.214
2024,16,albon,1,24.801,24.801
2024,16,alonso,2,24.683500000000002,24.501
2024,16,bottas,1,24.41,24.41
2024,16,colapinto,1,25.147,25.147
2024,16,gasly,2,24.269,24.203
2024,16,hamilton,2,24.312,24.155
2024,16,hulkenberg,2,37.7255,36.576
2024,16,kevin_magnussen,1,25.672,25.672
2024,16,leclerc,1,24.551,24.551
2024,16,max_verstappen,2,26.174,24.15
2024,16,norris,2,24.5195,24.169
2024,16,ocon,1,24.146,24.146
2024,16,perez,2,24.379,24.03
2024,16,piastri,2,24.2315,23.793
2024,16,ricciardo,1,30.317,30.317
2024,16,russell,2,29.496499999999997,26.297
2024,16,sainz,1,24.313,24.313
2024,16,stroll,3,24.819333333333333,24.209
2024,16,zhou,1,27.138,27.138
2024,17,albon,1,20.287,20.287
2024,17,alonso,1,20.073,20.073
2024,17,bearman,1,21.276,21.276
2024,17,bottas,1,20.045,20.045
2024,17,colapinto,1,20.596,20.596
2024,17,gasly,1,20.257,20.257
2024,17,hamilton,1,21.289,21.289
2024,17,hulkenberg,1,21.617,21.617
2024,17,leclerc,1,20.671,20.671
2024,17,max_verstappen,2,20.935000000000002,20.725
2024,17,norris,1,19.712,19.712
2024,17,ocon,1,20.634,20.634
2024,17,perez,1,20.63,20.63
2024,17,piastri,1,20.181,20.181
2024,17,ricciardo,1,21.984,21.984
2024,17,russell,1,19.954,19.954
2024,17,sainz,1,21.483,21.483
2024,17,stroll,2,20.6685,20.214
2024,17,tsunoda,1,20.922,20.922
2024,17,zhou,1,20.52,20.52
2024,18,albon,1,29.126,29.126
2024,18,alonso,1,29.251,29.251
2024,18,bottas,1,30.423,30.423
2024,18,colapinto,1,29.772,29.772
2024,18,gasly,1,31.509,31.509
2024,18,hamilton,1,29.272,29.272
2024,18,hulkenberg,1,29.808,29.808
2024,18,kevin_magnussen,2,30.499000000000002,29.707
2024,18,leclerc,1,29.042,29.042
2024,18,max_verstappen,1,29.655,29.655
2024,18,norris,1,29.091,29.091
2024,18,ocon,1,29.601,29.601
2024,18,perez,1,28.99,28.99
2024,18,piastri,1,29.152,29.152
2024,18,ricciardo,3,29.67833333333333,29.066
2024,18,russell,1,28.739,28.739
2024,18,sainz,1,29.385,29.385
2024,18,stroll,1,29.816,29.816
2024,18,tsunoda,1,29.662,29.662
2024,18,zhou,1,29.36,29.36
2024,19,albon,2,29.686999999999998,24.391
2024,19,alonso,1,24.247,24.247
2024,19,bottas,1,24.439,24.439
2024,19,colapinto,1,23.971,23.971
2024,19,gasly,1,28.228,28.228
2024,19,hulkenberg,1,24.5,24.5
2024,19,kevin_magnussen,2,24.0265,23.966
2024,19,lawson,1,23.839,23.839
2024,19,leclerc,1,23.817,23.817
2024,19,max_verstappen,1,24.228,24.228
2024,19,norris,1,23.731,23.731
2024,19,ocon,2,25.1655,24.156
2024,19,perez,1,23.58,23.58
2024,19,piastri,1,24.107,24.107
2024,19,russell,1,29.327,29.327
2024,19,sainz,1,23.963,23.963
2024,19,stroll,1,26.399,26.399
2024,19,tsunoda,1,24.193,24.193
2024,19,zhou,2,24.6615,24.433
2024,20,bottas,1,22.505,22.505
2024,20,colapinto,1,23.895,23.895
2024,20,gasly,1,23.204,23.204
2024,20,hamilton,1,22.538,22.538
2024,20,hulkenberg,1,23.077,23.077
2024,20,kevin_magnussen,1,23.332,23.332
2024,20,lawson,2,26.4425,22.586
2024,20,leclerc,2,22.775,22.69
2024,20,max_verstappen,1,43.73,43.73
2024,20,norris,1,22.111,22.111
2024,20,ocon,1,23.245,23.245
2024,20,perez,3,23.941333333333333,21.92
2024,20,piastri,1,21.825,21.825
2024,20,russell,1,22.462,22.462
2024,20,sainz,1,22.249,22.249
2024,20,stroll,1,22.592,22.592
2024,20,zhou,1,22.935,22.935
2024,21,alonso,2,25.107,25.107
2024,21,bearman,2,35.755,35.755
2024,21,bottas,1,,
2024,21,colapinto,2,25.262999999999998,25.239
2024,21,gasly,1,,
2024,21,hamilton,2,25.205,25.205
2024,21,hulkenberg,3,37.647666666666666,25.369
2024,21,lawson,2,28.167,28.167
2024,21,leclerc,2,24.573,24.573
2024,21,max_verstappen,1,,
2024,21,norris,2,24.764,24.764
2024,21,ocon,1,,
2024,21,perez,2,26.692,26.692
2024,21,piastri,2,26.05,26.05
2024,21,russell,2,25.698,25.698
2024,21,sainz,2,25.92,25.92
2024,21,tsunoda,2,25.431,25.431
2024,21,zhou,4,26.1575,25.248
2024,22,albon,1,22.012,22.012
2024,22,alonso,2,21.407,21.407
2024,22,bottas,2,22.222,21.623
2024,22,colapinto,2,21.195500000000003,21.17
2024,22,gasly,1,22.179,22.179
2024,22,hamilton,2,21.211,21.067
2024,22,hulkenberg,2,21.6065,21.511
2024,22,kevin_magnussen,1,21.963,21.963
2024,22,lawson,2,20.8455,20.642
2024,22,leclerc,2,21.457,21.329
2024,22,max_verstappen,2,21.4755,20.697
2024,22,norris,3,20.973666666666666,20.668
2024,22,ocon,3,19.596666666666668,15.79
2024,22,perez,2,21.164,21.034
2024,22,piastri,2,24.407,21.082
2024,22,russell,2,21.0235,20.975
2024,22,sainz,2,20.9635,20.879
2024,22,stroll,2,28.2255,21.588
2024,22,tsunoda,2,21.188,21.168
2024,22,zhou,2,22.360500000000002,21.761
2024,23,albon,4,32.031,22.71
2024,23,alonso,3,30.010333333333335,28.592
2024,23,bottas,3,28.714,28.14
2024,23,gasly,3,27.332333333333334,22.717
2024,23,hamilton,4,27.71175,22.705
2024,23,hulkenberg,4,30.700499999999998,23.81
2024,23,kevin_magnussen,3,28.200666666666667,22.696
2024,23,lawson,4,32.30775,22.737
2024,23,leclerc,3,27.706,25.675
2024,23,max_verstappen,3,24.963333333333335,22.703
2024,23,norris,4,29.60775,25.592
2024,23,perez,3,26.750666666666664,22.705
2024,23,piastri,3,26.670333333333332,22.867
2024,23,russell,4,29.24475,22.763
2024,23,sainz,3,31.09166666666667,22.776
2024,23,stroll,2,35.7285,29.783
2024,23,tsunoda,4,29.2145,22.714
2024,23,zhou,3,29.043666666666667,23.228
2024,24,albon,1,22.065,22.065
2024,24,alonso,2,22.881500000000003,22.437
2024,24,bottas,1,41.144,41.144
2024,24,colapinto,1,24.941,24.941
2024,24,doohan,1,22.08,22.08
2024,24,gasly,1,22.059,22.059
2024,24,hamilton,1,21.694,21.694
2024,24,hulkenberg,1,21.53,21.53
2024,24,kevin_magnussen,4,23.2365,21.678
2024,24,lawson,3,26.099,22.565
2024,24,leclerc,1,21.869,21.869
2024,24,max_verstappen,1,32.652,32.652
2024,24,norris,1,21.276,21.276
2024,24,piastri,2,28.178,23.582
2024,24,russell,1,21.656,21.656
2024,24,sainz,1,21.28,21.28
2024,24,stroll,2,22.6595,22.053
2024,24,tsunoda,1,21.869,21.869
2024,24,zhou,2,25.8945,23.024
